acct_nbr,acct_nm,level_1,level_2,level_3,level_4
3100-00,Operating Revenue.,Total Operating Revenue,Freight Revenue,Mileage Revenue,Mileage Revenue
3100-01,Operating Revenue - Singles,Total Operating Revenue,Freight Revenue,Mileage Revenue,Mileage Revenue
3100-02,Operating Revenue - Mentors,Total Operating Revenue,Freight Revenue,Mileage Revenue,Mileage Revenue
3100-03,Operating Revenue - Teams,Total Operating Revenue,Freight Revenue,Mileage Revenue,Mileage Revenue
3100-04,RBill - Linehaul,Total Operating Revenue,Freight Revenue,Mileage Revenue,Mileage Revenue
3100-05,Transmex Backout,Total Operating Revenue,Freight Revenue,Mileage Revenue,Mileage Revenue
3100-06,Intermodal Dray Trans Pricing,Total Operating Revenue,Freight Revenue,Mileage Revenue,Mileage Revenue
3100-50,Operating Revenue In-Transit,Total Operating Revenue,Freight Revenue,Mileage Revenue,Mileage Revenue
3103-00,Operating Revenue - Adjustments,Total Operating Revenue,Freight Revenue,Mileage Revenue,Mileage Revenue
3103-01,Revenue Adjustments - Singles,Total Operating Revenue,Freight Revenue,Mileage Revenue,Mileage Revenue
3103-02,Revenue Adjustments - Mentors,Total Operating Revenue,Freight Revenue,Mileage Revenue,Mileage Revenue
3103-03,Revenue Adjustments - Teams,Total Operating Revenue,Freight Revenue,Mileage Revenue,Mileage Revenue
3105-00,Logistics Operating Revenue,Total Operating Revenue,Freight Revenue,Mileage Revenue,Mileage Revenue
3105-01,Logistics Fgt Brokerage Revenue,Total Operating Revenue,Freight Revenue,Mileage Revenue,Mileage Revenue
3105-02,Logistics Managed Trans Revenue,Total Operating Revenue,Freight Revenue,Mileage Revenue,Mileage Revenue
3105-03,Logistics Warehousing Revenue,Total Operating Revenue,Freight Revenue,Mileage Revenue,Mileage Revenue
3105-04,Logistics LTL Revenue,Total Operating Revenue,Freight Revenue,Mileage Revenue,Mileage Revenue
3105-05,Logistics Other Revenue,Total Operating Revenue,Freight Revenue,Mileage Revenue,Mileage Revenue
3999-00,Mileage,Total Operating Revenue,Freight Revenue,Mileage Revenue,Mileage Revenue
3101-00,Freight Revenue - O/O,Total Operating Revenue,Freight Revenue,Accessorial Revenue,Accessorial Revenue
3110-00,Accessorials,Total Operating Revenue,Freight Revenue,Accessorial Revenue,Accessorial Revenue
3110-01,Accessorials - Singles,Total Operating Revenue,Freight Revenue,Accessorial Revenue,Accessorial Revenue
3110-02,Accessorials- Mentors,Total Operating Revenue,Freight Revenue,Accessorial Revenue,Accessorial Revenue
3110-03,Accessorials - Teams,Total Operating Revenue,Freight Revenue,Accessorial Revenue,Accessorial Revenue
3110-05,Accessorials-Transmex Backout,Total Operating Revenue,Freight Revenue,Accessorial Revenue,Accessorial Revenue
3113-00,Accessorials - Adjustments,Total Operating Revenue,Freight Revenue,Accessorial Revenue,Accessorial Revenue
3115-00,Load/Unload,Total Operating Revenue,Freight Revenue,Accessorial Revenue,Accessorial Revenue
3115-01,Lumpers,Total Operating Revenue,Freight Revenue,Accessorial Revenue,Accessorial Revenue
3115-02,Operating Revenue-Mentors,Total Operating Revenue,Freight Revenue,Accessorial Revenue,Accessorial Revenue
3116-00,Accessorials - Tolls,Total Operating Revenue,Freight Revenue,Accessorial Revenue,Accessorial Revenue
3120-00,Stop-Offs,Total Operating Revenue,Freight Revenue,Accessorial Revenue,Accessorial Revenue
3125-00,Tarping,Total Operating Revenue,Freight Revenue,Accessorial Revenue,Accessorial Revenue
3130-00,Trailer Detention,Total Operating Revenue,Freight Revenue,Accessorial Revenue,Accessorial Revenue
3130-01,Trailer Detention - Other,Total Operating Revenue,Freight Revenue,Accessorial Revenue,Accessorial Revenue
3130-02,Chassis Detention,Total Operating Revenue,Freight Revenue,Accessorial Revenue,Accessorial Revenue
3131-00,Power Detention Revenue,Total Operating Revenue,Freight Revenue,Accessorial Revenue,Accessorial Revenue
3135-00,Other Accesorials,Total Operating Revenue,Freight Revenue,Accessorial Revenue,Accessorial Revenue
3135-01,Other Accesorials - Singles,Total Operating Revenue,Freight Revenue,Accessorial Revenue,Accessorial Revenue
3135-02,Other Accesorials - Mentors,Total Operating Revenue,Freight Revenue,Accessorial Revenue,Accessorial Revenue
3135-03,Other Accesorials - Teams,Total Operating Revenue,Freight Revenue,Accessorial Revenue,Accessorial Revenue
3135-04,#NAME?,Total Operating Revenue,Freight Revenue,Accessorial Revenue,Accessorial Revenue
3135-05,Other Accessorials - BH Credits,Total Operating Revenue,Freight Revenue,Accessorial Revenue,Accessorial Revenue
3135-06,Other Accessorials - TONU,Total Operating Revenue,Freight Revenue,Accessorial Revenue,Accessorial Revenue
3135-07,Other Accesorials - Surge,Total Operating Revenue,Freight Revenue,Accessorial Revenue,Accessorial Revenue
3135-08,Other Accesorials - Spotting,Total Operating Revenue,Freight Revenue,Accessorial Revenue,Accessorial Revenue
3135-09,Other Accesorials - Deadhead,Total Operating Revenue,Freight Revenue,Accessorial Revenue,Accessorial Revenue
3135-10,Other Accessorials - Ded General,Total Operating Revenue,Freight Revenue,Accessorial Revenue,Accessorial Revenue
3135-11,Other Accessorials - WM Reef Mai,Total Operating Revenue,Freight Revenue,Accessorial Revenue,Accessorial Revenue
3135-12,Other Accessorials - WM Short HL,Total Operating Revenue,Freight Revenue,Accessorial Revenue,Accessorial Revenue
3135-13,Other Accessorials - Trl Washes,Total Operating Revenue,Freight Revenue,Accessorial Revenue,Accessorial Revenue
3135-14,Other Accessorials - BH Revenue,Total Operating Revenue,Freight Revenue,Accessorial Revenue,Accessorial Revenue
3135-15,Other Accessorials - LO Revenue,Total Operating Revenue,Freight Revenue,Accessorial Revenue,Accessorial Revenue
3135-16,Other Accessorials - Mex FAK,Total Operating Revenue,Freight Revenue,Accessorial Revenue,Accessorial Revenue
3135-17,Performance Failures,Total Operating Revenue,Freight Revenue,Accessorial Revenue,Accessorial Revenue
3135-50,Accessorials In-Transit,Total Operating Revenue,Freight Revenue,Accessorial Revenue,Accessorial Revenue
3201-00,Freight Revenue - Trip Lease,Total Operating Revenue,Freight Revenue,Accessorial Revenue,Accessorial Revenue
3202-00,Freight Revenue - Trip Lease Brkg,Total Operating Revenue,Freight Revenue,Accessorial Revenue,Accessorial Revenue
3301-00,Freight Revenue - Rail Moves,Total Operating Revenue,Freight Revenue,Accessorial Revenue,Accessorial Revenue
3302-00,Freight Revenue - LTL,Total Operating Revenue,Freight Revenue,Accessorial Revenue,Accessorial Revenue
4990-00,Revenue GAB Allowance,Total Operating Revenue,Freight Revenue,Accessorial Revenue,Accessorial Revenue
3200-00,Fuel Surcharge,Total Operating Revenue,Fuel Surcharge Revenue,Fuel Surcharge Revenue,Fuel Surcharge Revenue
3200-01,Fuel Surcharge - Singles,Total Operating Revenue,Fuel Surcharge Revenue,Fuel Surcharge Revenue,Fuel Surcharge Revenue
3200-02,Fuel Surcharge - Mentors,Total Operating Revenue,Fuel Surcharge Revenue,Fuel Surcharge Revenue,Fuel Surcharge Revenue
3200-03,Fuel Surcharge - Teams,Total Operating Revenue,Fuel Surcharge Revenue,Fuel Surcharge Revenue,Fuel Surcharge Revenue
3200-04,Accessorials - Fuel Tax,Total Operating Revenue,Fuel Surcharge Revenue,Fuel Surcharge Revenue,Fuel Surcharge Revenue
3200-05,#NAME?,Total Operating Revenue,Fuel Surcharge Revenue,Fuel Surcharge Revenue,Fuel Surcharge Revenue
3200-06,FSC - Transmex Backout,Total Operating Revenue,Fuel Surcharge Revenue,Fuel Surcharge Revenue,Fuel Surcharge Revenue
3200-50,Fuel Surcharge In-Transit,Total Operating Revenue,Fuel Surcharge Revenue,Fuel Surcharge Revenue,Fuel Surcharge Revenue
3203-00,Fuel Surcharge - Adjustments,Total Operating Revenue,Fuel Surcharge Revenue,Fuel Surcharge Revenue,Fuel Surcharge Revenue
4989-00,FSC Revenue GAB Allowance,Total Operating Revenue,Fuel Surcharge Revenue,Fuel Surcharge Revenue,Fuel Surcharge Revenue
3300-00,Lease Revenue,Total Operating Revenue,Other Revenue,Non-Operating Revenue,Non-Operating Revenue
3300-01,Lease Payment Revenue,Total Operating Revenue,Other Revenue,Non-Operating Revenue,Non-Operating Revenue
3300-02,Down Payment Revenue,Total Operating Revenue,Other Revenue,Non-Operating Revenue,Non-Operating Revenue
3300-03,Excess Mileage Revenue,Total Operating Revenue,Other Revenue,Non-Operating Revenue,Non-Operating Revenue
3400-00,Container Repositioning,Total Operating Revenue,Other Revenue,Non-Operating Revenue,Non-Operating Revenue
3401-00,Container Storage,Total Operating Revenue,Other Revenue,Non-Operating Revenue,Non-Operating Revenue
3402-00,Container Interchange,Total Operating Revenue,Other Revenue,Non-Operating Revenue,Non-Operating Revenue
3404-00,Pallets Revenue,Total Operating Revenue,Other Revenue,Non-Operating Revenue,Non-Operating Revenue
3405-00,Drop Lot Services,Total Operating Revenue,Other Revenue,Non-Operating Revenue,Non-Operating Revenue
3406-00,Sale of Motor Fuel,Total Operating Revenue,Other Revenue,Non-Operating Revenue,Non-Operating Revenue
3408-00,Container Rental,Total Operating Revenue,Other Revenue,Non-Operating Revenue,Non-Operating Revenue
3410-00,Loading & Marking Cotton,Total Operating Revenue,Other Revenue,Non-Operating Revenue,Non-Operating Revenue
3500-00,Container Storage.,Total Operating Revenue,Other Revenue,Non-Operating Revenue,Non-Operating Revenue
3501-00,Container Handling,Total Operating Revenue,Other Revenue,Non-Operating Revenue,Non-Operating Revenue
3503-00,Container Repair - Labor,Total Operating Revenue,Other Revenue,Non-Operating Revenue,Non-Operating Revenue
3504-00,Container Repair - Material,Total Operating Revenue,Other Revenue,Non-Operating Revenue,Non-Operating Revenue
3505-00,Administrative Fee Logistics,Total Operating Revenue,Other Revenue,Non-Operating Revenue,Non-Operating Revenue
3505-01,Admin Fee Logistics - Fibertek,Total Operating Revenue,Other Revenue,Non-Operating Revenue,Non-Operating Revenue
3506-00,Other Income,Total Operating Revenue,Other Revenue,Non-Operating Revenue,Non-Operating Revenue
3507-00,Brokerage,Total Operating Revenue,Other Revenue,Non-Operating Revenue,Non-Operating Revenue
3508-00,Inter-Company Labor,Total Operating Revenue,Other Revenue,Non-Operating Revenue,Non-Operating Revenue
3509-00,Carrier Fee,Total Operating Revenue,Other Revenue,Non-Operating Revenue,Non-Operating Revenue
3510-00,Administrative Fee,Total Operating Revenue,Other Revenue,Non-Operating Revenue,Non-Operating Revenue
3600-00,Premium Revenue - Occ/Acc,Total Operating Revenue,Other Revenue,Non-Operating Revenue,Non-Operating Revenue
3601-00,Premium Revenue - SFWC,Total Operating Revenue,Other Revenue,Non-Operating Revenue,Non-Operating Revenue
3602-00,Premium Revenue - APD,Total Operating Revenue,Other Revenue,Non-Operating Revenue,Non-Operating Revenue
3603-00,Premium Revenue - NTL,Total Operating Revenue,Other Revenue,Non-Operating Revenue,Non-Operating Revenue
3604-00,Claims Handling Revenue,Total Operating Revenue,Other Revenue,Non-Operating Revenue,Non-Operating Revenue
3605-00,Premium Revenue - AL,Total Operating Revenue,Other Revenue,Non-Operating Revenue,Non-Operating Revenue
3605-01,Premium Revenue - CRS AL,Total Operating Revenue,Other Revenue,Non-Operating Revenue,Non-Operating Revenue
3605-02,Premium Revenue - Trans AL,Total Operating Revenue,Other Revenue,Non-Operating Revenue,Non-Operating Revenue
3605-03,Premium Revenue - Ceded,Total Operating Revenue,Other Revenue,Non-Operating Revenue,Non-Operating Revenue
3605-04,Premium Revenue - DLT AL,Total Operating Revenue,Other Revenue,Non-Operating Revenue,Non-Operating Revenue
3605-10,Written Premium - AL,Total Operating Revenue,Other Revenue,Non-Operating Revenue,Non-Operating Revenue
3606-00,Premium Revenue - WC,Total Operating Revenue,Other Revenue,Non-Operating Revenue,Non-Operating Revenue
3607-00,Premium Rev - Passenger Rider,Total Operating Revenue,Other Revenue,Non-Operating Revenue,Non-Operating Revenue
3608-00,Premium Revenue - Ceded.,Total Operating Revenue,Other Revenue,Non-Operating Revenue,Non-Operating Revenue
3609-00,Premium Revenue - Nexus,Total Operating Revenue,Other Revenue,Non-Operating Revenue,Non-Operating Revenue
3610-00,Premium Revenue - Carrier AL,Total Operating Revenue,Other Revenue,Non-Operating Revenue,Non-Operating Revenue
3611-00,Premium Revenue - Carrier NTL,Total Operating Revenue,Other Revenue,Non-Operating Revenue,Non-Operating Revenue
3612-00,Premium Revenue - Carrier Cargo,Total Operating Revenue,Other Revenue,Non-Operating Revenue,Non-Operating Revenue
3613-00,Premium Revenue - Carrier GL,Total Operating Revenue,Other Revenue,Non-Operating Revenue,Non-Operating Revenue
3700-00,Bad Debt Expense,Total Operating Revenue,Other Revenue,Non-Operating Revenue,Non-Operating Revenue
3701-00,G/L on Sale of Owned Tractors,Total Operating Revenue,Other Revenue,Non-Operating Revenue,Non-Operating Revenue
3702-00,Tractor Lease Reserve,Total Operating Revenue,Other Revenue,Non-Operating Revenue,Non-Operating Revenue
3702-01,Lease Complete Incentive,Total Operating Revenue,Other Revenue,Non-Operating Revenue,Non-Operating Revenue
3703-00,Trade Reburbishment Expense,Total Operating Revenue,Other Revenue,Non-Operating Revenue,Non-Operating Revenue
3800-00,Dir Tuition Rev-3rd Pty Acad,Total Operating Revenue,Other Revenue,Non-Operating Revenue,Non-Operating Revenue
3800-01,Other Program Rev-3rd Pty Acad,Total Operating Revenue,Other Revenue,Non-Operating Revenue,Non-Operating Revenue
3800-02,Bad Debt Exp-3rd Pty Acad,Total Operating Revenue,Other Revenue,Non-Operating Revenue,Non-Operating Revenue
3900-00,Other Operating Revenue,Total Operating Revenue,Other Revenue,Non-Operating Revenue,Non-Operating Revenue
3900-01,MRP Revenue,Total Operating Revenue,Other Revenue,Non-Operating Revenue,Non-Operating Revenue
3900-02,Other Operating Revenue - Mentors,Total Operating Revenue,Other Revenue,Non-Operating Revenue,Non-Operating Revenue
3900-03,Other Operating Revenue - Teams,Total Operating Revenue,Other Revenue,Non-Operating Revenue,Non-Operating Revenue
3901-00,Equipment Rental,Total Operating Revenue,Other Revenue,Non-Operating Revenue,Non-Operating Revenue
3902-00,Load/Unload.,Total Operating Revenue,Other Revenue,Non-Operating Revenue,Non-Operating Revenue
3903-00,Miscellaneous,Total Operating Revenue,Other Revenue,Non-Operating Revenue,Non-Operating Revenue
3904-00,Drayage.,Total Operating Revenue,Other Revenue,Non-Operating Revenue,Non-Operating Revenue
3905-00,Bulk Head Revenue,Total Operating Revenue,Other Revenue,Non-Operating Revenue,Non-Operating Revenue
3907-00,Loan Storage Accrued,Total Operating Revenue,Other Revenue,Non-Operating Revenue,Non-Operating Revenue
3909-00,Break Out,Total Operating Revenue,Other Revenue,Non-Operating Revenue,Non-Operating Revenue
3910-00,Transload Income,Total Operating Revenue,Other Revenue,Non-Operating Revenue,Non-Operating Revenue
3916-00,Other Storage,Total Operating Revenue,Other Revenue,Non-Operating Revenue,Non-Operating Revenue
3922-00,Rev Unloading/Harbor,Total Operating Revenue,Other Revenue,Non-Operating Revenue,Non-Operating Revenue
3911-00,Parts Sales,Total Operating Revenue,Other Revenue,Equipment Maintenance Revenue,Equipment Maintenance Revenue
3912-00,Tire Sales,Total Operating Revenue,Other Revenue,Equipment Maintenance Revenue,Equipment Maintenance Revenue
3913-00,Sublet Sales,Total Operating Revenue,Other Revenue,Equipment Maintenance Revenue,Equipment Maintenance Revenue
3914-00,Consumables Sales,Total Operating Revenue,Other Revenue,Equipment Maintenance Revenue,Equipment Maintenance Revenue
3915-00,Labor Sales,Total Operating Revenue,Other Revenue,Equipment Maintenance Revenue,Equipment Maintenance Revenue
4220-00,Driver Wages,Total Variable Operating Expense,"Driver Salaries, Wages and Benefits",Driver Salaries & Wages,Driver Wages Mileage & Hourly
4220-01,Driver Wages - Mileage Pay,Total Variable Operating Expense,"Driver Salaries, Wages and Benefits",Driver Salaries & Wages,Driver Wages Mileage & Hourly
4220-02,Driver Wages - Hourly Pay,Total Variable Operating Expense,"Driver Salaries, Wages and Benefits",Driver Salaries & Wages,Driver Wages Mileage & Hourly
4220-04,Driver Wages - Salary Pay,Total Variable Operating Expense,"Driver Salaries, Wages and Benefits",Driver Salaries & Wages,Driver Wages Mileage & Hourly
4220-50,Driver Wages In-Transit,Total Variable Operating Expense,"Driver Salaries, Wages and Benefits",Driver Salaries & Wages,Driver Wages Mileage & Hourly
4221-00,Driver Per Diem,Total Variable Operating Expense,"Driver Salaries, Wages and Benefits",Driver Salaries & Wages,Driver Wages Mileage & Hourly
4220-05,Driver Wages - Vacation Pay,Total Variable Operating Expense,"Driver Salaries, Wages and Benefits",Driver Salaries & Wages,Driver Wages Accessorial & Other
4220-06,Driver Wages - Unloading Pay,Total Variable Operating Expense,"Driver Salaries, Wages and Benefits",Driver Salaries & Wages,Driver Wages Accessorial & Other
4220-07,Driver Wages - Wait Pay,Total Variable Operating Expense,"Driver Salaries, Wages and Benefits",Driver Salaries & Wages,Driver Wages Accessorial & Other
4220-08,Driver Wages - Exception Pay,Total Variable Operating Expense,"Driver Salaries, Wages and Benefits",Driver Salaries & Wages,Driver Wages Accessorial & Other
4220-09,Driver Wages - Breakdown Pay,Total Variable Operating Expense,"Driver Salaries, Wages and Benefits",Driver Salaries & Wages,Driver Wages Accessorial & Other
4220-10,Driver Wages - Short Haul Pay,Total Variable Operating Expense,"Driver Salaries, Wages and Benefits",Driver Salaries & Wages,Driver Wages Accessorial & Other
4220-11,Driver Wages - Guarantee Pay,Total Variable Operating Expense,"Driver Salaries, Wages and Benefits",Driver Salaries & Wages,Driver Wages Accessorial & Other
4220-12,Driver Wages - Layover Pay,Total Variable Operating Expense,"Driver Salaries, Wages and Benefits",Driver Salaries & Wages,Driver Wages Accessorial & Other
4220-13,Driver Wages - Stop Pay,Total Variable Operating Expense,"Driver Salaries, Wages and Benefits",Driver Salaries & Wages,Driver Wages Accessorial & Other
4220-14,Driver Wages - Sick Pay,Total Variable Operating Expense,"Driver Salaries, Wages and Benefits",Driver Salaries & Wages,Driver Wages Accessorial & Other
4220-15,Driver Wages - Compliance Pay,Total Variable Operating Expense,"Driver Salaries, Wages and Benefits",Driver Salaries & Wages,Driver Wages Accessorial & Other
4220-16,Driver Wages - Rest Pay,Total Variable Operating Expense,"Driver Salaries, Wages and Benefits",Driver Salaries & Wages,Driver Wages Accessorial & Other
4220-17,Driver Wages - Premium Pay,Total Variable Operating Expense,"Driver Salaries, Wages and Benefits",Driver Salaries & Wages,Driver Wages Accessorial & Other
4220-20,Driver Wages - New Trl Pick Up,Total Variable Operating Expense,"Driver Salaries, Wages and Benefits",Driver Salaries & Wages,Driver Wages Accessorial & Other
4220-30,Driver Wages - Performance Pay,Total Variable Operating Expense,"Driver Salaries, Wages and Benefits",Driver Salaries & Wages,Driver Wages Accessorial & Other
4220-31,Driver Loyalty Bonus,Total Variable Operating Expense,"Driver Salaries, Wages and Benefits",Driver Salaries & Wages,Driver Wages Accessorial & Other
4220-32,Driver Bonuses,Total Variable Operating Expense,"Driver Salaries, Wages and Benefits",Driver Salaries & Wages,Driver Wages Accessorial & Other
4230-00,Cargo Handlers.1,Total Variable Operating Expense,"Driver Salaries, Wages and Benefits",Driver Salaries & Wages,Driver Wages Accessorial & Other
4250-00,Owner-Operator Drivers,Total Variable Operating Expense,"Driver Salaries, Wages and Benefits",Driver Salaries & Wages,Driver Wages Accessorial & Other
4300-01,Misc Paid Time Off,Total Variable Operating Expense,"Driver Salaries, Wages and Benefits",Driver Salaries & Wages,Driver Wages Accessorial & Other
4320-00,Drivers & Helpers,Total Variable Operating Expense,"Driver Salaries, Wages and Benefits",Driver Salaries & Wages,Driver Wages Accessorial & Other
4330-00,Cargo Handlers.2,Total Variable Operating Expense,"Driver Salaries, Wages and Benefits",Driver Salaries & Wages,Driver Wages Accessorial & Other
4390-00,Other Labor.2,Total Variable Operating Expense,"Driver Salaries, Wages and Benefits",Driver Salaries & Wages,Driver Wages Accessorial & Other
4400-00,Other Fringes.1,Total Variable Operating Expense,"Driver Salaries, Wages and Benefits",Driver Salaries & Wages,Driver Wages Accessorial & Other
4564-10,Driver Sign-on Bonus,Total Variable Operating Expense,"Driver Salaries, Wages and Benefits",Driver Salaries & Wages,Driver Wages Accessorial & Other
4220-03,Driver Wages - Trainee Pay,Total Variable Operating Expense,"Driver Salaries, Wages and Benefits",Driver Salaries & Wages,Driver Wages Trainee Pay
4410-00,Federal Payroll Taxes.1,Total Variable Operating Expense,"Driver Salaries, Wages and Benefits",Driver Benefits,Payroll Taxes Drv
4410-10,Drv Benefits - New Trl Pick Up,Total Variable Operating Expense,"Driver Salaries, Wages and Benefits",Driver Benefits,Payroll Taxes Drv
4420-00,State Payroll Taxes.1,Total Variable Operating Expense,"Driver Salaries, Wages and Benefits",Driver Benefits,Payroll Taxes Drv
4440-00,Group Health Insurance.2,Total Variable Operating Expense,"Driver Salaries, Wages and Benefits",Driver Benefits,Group Health Insurance Drv
4450-00,Pension & Retirement Plans.1,Total Variable Operating Expense,"Driver Salaries, Wages and Benefits",Driver Benefits,Pension & Retirement Drv
4460-00,Health Welfare & Pensions,Total Variable Operating Expense,"Driver Salaries, Wages and Benefits",Driver Benefits,Pension & Retirement Drv
4992-00,Purchase Trans GAB Allowance,Total Variable Operating Expense,Purchased Transportation,Purchased Trans (xFuel Reimb),O/O Pay
5411-00,Purchased Transportation -,Total Variable Operating Expense,Purchased Transportation,Purchased Trans (xFuel Reimb),O/O Pay
5411-05,Logistics PT Discounts,Total Variable Operating Expense,Purchased Transportation,Purchased Trans (xFuel Reimb),O/O Pay
5411-50,Purch Trans In-Transit,Total Variable Operating Expense,Purchased Transportation,Purchased Trans (xFuel Reimb),O/O Pay
5413-00,Owner Operator W/C Ins,Total Variable Operating Expense,Purchased Transportation,Purchased Trans (xFuel Reimb),O/O Pay
5440-00,Other Purchased Transportation,Total Variable Operating Expense,Purchased Transportation,Purchased Trans (xFuel Reimb),O/O Pay
5411-02,Purchased Trans - Rail,Total Variable Operating Expense,Purchased Transportation,Purchased Trans (xFuel Reimb),Rail PT
5450-00,Purchased Trans - Rail Fuel,Total Variable Operating Expense,Purchased Transportation,Purchased Trans (xFuel Reimb),Rail PT
5411-04,Purchased Trans - Other,Total Variable Operating Expense,Purchased Transportation,Purchased Trans (xFuel Reimb),Third Party Brokerage
5412-00,Purchased Trans - Drivers,Total Variable Operating Expense,Purchased Transportation,Purchased Trans (xFuel Reimb),Third Party Brokerage
5411-03,Transfer Pricing Adjustment,Total Variable Operating Expense,Purchased Transportation,Purchased Trans (xFuel Reimb),Transfer Pricing Adj
5411-01,Purchased Trans - FSC Reimb,Total Variable Operating Expense,Purchased Transportation,PT Fuel Reimbursements,PT Fuel Reimbursements
5411-06,OO PT Fuel Credit,Total Variable Operating Expense,Purchased Transportation,PT Fuel Reimbursements,PT Fuel Reimbursements
4510-00,Fuel -,Total Variable Operating Expense,Fuel Expense,Fuel Expense,Fuel Expense
4510-01,Fuel - Idle,Total Variable Operating Expense,Fuel Expense,Fuel Expense,Fuel Expense
4510-02,Fuel Rebates,Total Variable Operating Expense,Fuel Expense,Fuel Expense,Fuel Expense
4510-10,Fuel Expense - New Trl Pick Up,Total Variable Operating Expense,Fuel Expense,Fuel Expense,Fuel Expense
4511-00,Fuel - Refrigerated,Total Variable Operating Expense,Fuel Expense,Fuel Expense,Fuel Expense
4512-00,Fuel Discounts,Total Variable Operating Expense,Fuel Expense,Fuel Expense,Fuel Expense
4513-00,Fuel & Oil Yard Equip,Total Variable Operating Expense,Fuel Expense,Fuel Expense,Fuel Expense
4514-00,Fuel Hedge - Vendor,Total Variable Operating Expense,Fuel Expense,Fuel Expense,Fuel Expense
4515-00,Diesel Exhaust Fluid,Total Variable Operating Expense,Fuel Expense,Fuel Expense,Fuel Expense
4515-01,Diesel Exhaust Fluid - Bulk,Total Variable Operating Expense,Fuel Expense,Fuel Expense,Fuel Expense
4515-02,Diesel Exhaust Fluid - Trk Sto,Total Variable Operating Expense,Fuel Expense,Fuel Expense,Fuel Expense
4516-00,Compressed Natural Gas,Total Variable Operating Expense,Fuel Expense,Fuel Expense,Fuel Expense
4520-00,"Oil, Lub & Coolants - Motor Ve",Total Variable Operating Expense,Fuel Expense,Fuel Expense,Fuel Expense
4560-04,Road Expenses - Tolls,Total Variable Operating Expense,Other Ops Variable Expense,Tolls Expense,Tolls Expense
4560-05,Road Exp - Tolls Penalties/Fee,Total Variable Operating Expense,Other Ops Variable Expense,Tolls Expense,Tolls Expense
4560-06,Road Expenses - Tolls Prepass,Total Variable Operating Expense,Other Ops Variable Expense,Tolls Expense,Tolls Expense
4560-00,Road Expenses,Total Variable Operating Expense,Other Ops Variable Expense,Road Expense,Road Expense
4560-01,Road Expenses - Motel,Total Variable Operating Expense,Other Ops Variable Expense,Road Expense,Road Expense
4560-02,Road Expenses - Phones,Total Variable Operating Expense,Other Ops Variable Expense,Road Expense,Road Expense
4560-03,Road Expenses - Scales,Total Variable Operating Expense,Other Ops Variable Expense,Road Expense,Road Expense
4560-50,Other Op Supplies In-Transit,Total Variable Operating Expense,Other Ops Variable Expense,Road Expense,Road Expense
4506-00,Power Detention.2,Total Variable Operating Expense,Other Ops Variable Expense,Other Variable Expenses,Other Variable Expenses
4565-00,Load Tie Down & Protection,Total Variable Operating Expense,Other Ops Variable Expense,Other Variable Expenses,Other Variable Expenses
4566-00,Tractor Accessories,Total Variable Operating Expense,Other Ops Variable Expense,Other Variable Expenses,Other Variable Expenses
4567-00,Trailer Spottings,Total Variable Operating Expense,Other Ops Variable Expense,Other Variable Expenses,Other Variable Expenses
4568-00,Operations Chargeback,Total Variable Operating Expense,Other Ops Variable Expense,Other Variable Expenses,Other Variable Expenses
4569-00,Dunnage,Total Variable Operating Expense,Other Ops Variable Expense,Other Variable Expenses,Other Variable Expenses
4570-00,Pallets,Total Variable Operating Expense,Other Ops Variable Expense,Other Variable Expenses,Other Variable Expenses
4570-01,Trailer Detention Expense,Total Variable Operating Expense,Other Ops Variable Expense,Other Variable Expenses,Other Variable Expenses
4571-00,Trans Loading,Total Variable Operating Expense,Other Ops Variable Expense,Other Variable Expenses,Other Variable Expenses
4572-00,Unloading,Total Variable Operating Expense,Other Ops Variable Expense,Other Variable Expenses,Other Variable Expenses
4573-00,Cotton Unloading,Total Variable Operating Expense,Other Ops Variable Expense,Other Variable Expenses,Other Variable Expenses
4574-00,Drayage.2,Total Variable Operating Expense,Other Ops Variable Expense,Other Variable Expenses,Other Variable Expenses
4578-00,Trailer Washout,Total Variable Operating Expense,Other Ops Variable Expense,Other Variable Expenses,Other Variable Expenses
4579-00,Demurrage,Total Variable Operating Expense,Other Ops Variable Expense,Other Variable Expenses,Other Variable Expenses
4991-00,Truck Fumigation & Cleaning,Total Variable Operating Expense,Other Ops Variable Expense,Other Variable Expenses,Other Variable Expenses
4999-20,LOB - Transfer Pricing,Total Variable Operating Expense,Other Ops Variable Expense,Surge Expense,Surge Expense
4730-00,Fed Highway Use Tax,Total Variable Operating Expense,Other Ops Variable Expense,Fuel & Highway Taxes,Fuel & Highway Taxes
4760-00,"Gas,Diesel & Oil Taxes - State",Total Variable Operating Expense,Other Ops Variable Expense,Fuel & Highway Taxes,Fuel & Highway Taxes
4780-00,Fuel & Mileage Taxes,Total Variable Operating Expense,Other Ops Variable Expense,Fuel & Highway Taxes,Fuel & Highway Taxes
4531-00,Tractor Repairs&Maint,Total Variable Operating Expense,Total Equipment Maintenance,Tractor Maint. & Tire Expense,Tractor Maintenance
4531-01,Warranty Credits,Total Variable Operating Expense,Total Equipment Maintenance,Tractor Maint. & Tire Expense,Tractor Maintenance
4536-00,MRP Prep Expense,Total Variable Operating Expense,Total Equipment Maintenance,Tractor Maint. & Tire Expense,Tractor Maintenance
4537-00,Tractor Damage Expense,Total Variable Operating Expense,Total Equipment Maintenance,Tractor Maint. & Tire Expense,Tractor Maintenance
4591-00,Tractor Washes,Total Variable Operating Expense,Total Equipment Maintenance,Tractor Maint. & Tire Expense,Tractor Maintenance
4551-00,Tractor Tires,Total Variable Operating Expense,Total Equipment Maintenance,Tractor Maint. & Tire Expense,Tractor Tire Expense
4530-00,Trailer Maintenance.1,Total Variable Operating Expense,Total Equipment Maintenance,Trailer Maint. & Tire Expense,Trailer Maintenance
4532-00,Trailer Maintenance.2,Total Variable Operating Expense,Total Equipment Maintenance,Trailer Maint. & Tire Expense,Trailer Maintenance
4532-02,Walmart Third Party Maintenance,Total Variable Operating Expense,Total Equipment Maintenance,Trailer Maint. & Tire Expense,Trailer Maintenance
4533-00,Reefer Maintenance Expense,Total Variable Operating Expense,Total Equipment Maintenance,Trailer Maint. & Tire Expense,Trailer Maintenance
4538-00,Trailer Damage Expense,Total Variable Operating Expense,Total Equipment Maintenance,Trailer Maint. & Tire Expense,Trailer Maintenance
4540-00,Container Maintenance Expense,Total Variable Operating Expense,Total Equipment Maintenance,Trailer Maint. & Tire Expense,Trailer Maintenance
4550-00,Chassis Maintenance Expense,Total Variable Operating Expense,Total Equipment Maintenance,Trailer Maint. & Tire Expense,Trailer Maintenance
4592-00,Trailer Washes,Total Variable Operating Expense,Total Equipment Maintenance,Trailer Maint. & Tire Expense,Trailer Maintenance
4552-00,Trailer Tire Exp,Total Variable Operating Expense,Total Equipment Maintenance,Trailer Maint. & Tire Expense,Trailer Tire Expense
5990-00,Shop Gain/Loss Allocation,Total Variable Operating Expense,Total Equipment Maintenance,Other Maintenance,Shop Gain / Loss Allocation
4531-02,Trade Tractor Expense,Total Variable Operating Expense,Total Equipment Maintenance,Other Maintenance,Trade Expense
4532-01,Trailer Sales Expense,Total Variable Operating Expense,Total Equipment Maintenance,Other Maintenance,Trade Expense
4987-00,Equipment Trade Expense Allocation,Total Variable Operating Expense,Total Equipment Maintenance,Other Maintenance,Trade Expense
4531-10,Trc Maintenance New Trl Pickup,Total Variable Operating Expense,Total Equipment Maintenance,Other Maintenance,Applied Labor / Other
4539-00,Service Vehicles Expense,Total Variable Operating Expense,Total Equipment Maintenance,Other Maintenance,Applied Labor / Other
4541-00,Outsourced Equip Maint - Tractor,Total Variable Operating Expense,Total Equipment Maintenance,Other Maintenance,Applied Labor / Other
4541-01,Outsourced Equip Maint - Trailer,Total Variable Operating Expense,Total Equipment Maintenance,Other Maintenance,Applied Labor / Other
4541-02,MRP Expense,Total Variable Operating Expense,Total Equipment Maintenance,Other Maintenance,Applied Labor / Other
4541-03,On-Road Trailer Expense,Total Variable Operating Expense,Total Equipment Maintenance,Other Maintenance,Applied Labor / Other
4542-00,Sublets Applied,Total Variable Operating Expense,Total Equipment Maintenance,Other Maintenance,Applied Labor / Other
4545-00,Consumable Supplies,Total Variable Operating Expense,Total Equipment Maintenance,Other Maintenance,Applied Labor / Other
4545-01,Parts Freight Expense,Total Variable Operating Expense,Total Equipment Maintenance,Other Maintenance,Applied Labor / Other
4545-02,Sales Tax,Total Variable Operating Expense,Total Equipment Maintenance,Other Maintenance,Applied Labor / Other
4545-03,PO Variance,Total Variable Operating Expense,Total Equipment Maintenance,Other Maintenance,Applied Labor / Other
4545-04,Expendable Supp-Expedited Shipping,Total Variable Operating Expense,Total Equipment Maintenance,Other Maintenance,Applied Labor / Other
4545-05,Expendable Supp-Fuel Surcharge,Total Variable Operating Expense,Total Equipment Maintenance,Other Maintenance,Applied Labor / Other
4545-06,Expendable Supp-Restocking Fee,Total Variable Operating Expense,Total Equipment Maintenance,Other Maintenance,Applied Labor / Other
4545-07,Waste Tire Fees / Taxes,Total Variable Operating Expense,Total Equipment Maintenance,Other Maintenance,Applied Labor / Other
4545-08,Contra-Sales Tax,Total Variable Operating Expense,Total Equipment Maintenance,Other Maintenance,Applied Labor / Other
4546-00,Manufactured Goods,Total Variable Operating Expense,Total Equipment Maintenance,Other Maintenance,Applied Labor / Other
4547-00,Labor Cost Applied,Total Variable Operating Expense,Total Equipment Maintenance,Other Maintenance,Applied Labor / Other
4552-01,Tire Cassings Exp Offset,Total Variable Operating Expense,Total Equipment Maintenance,Other Maintenance,Applied Labor / Other
4553-00,Supplier Rebates,Total Variable Operating Expense,Total Equipment Maintenance,Other Maintenance,Applied Labor / Other
4554-00,Supplier Credits,Total Variable Operating Expense,Total Equipment Maintenance,Other Maintenance,Applied Labor / Other
4594-00,Shop Supplies,Total Variable Operating Expense,Total Equipment Maintenance,Other Maintenance,Applied Labor / Other
4594-01,Shop Supplies Expense,Total Variable Operating Expense,Total Equipment Maintenance,Other Maintenance,Applied Labor / Other
4595-00,Core Charges,Total Variable Operating Expense,Total Equipment Maintenance,Other Maintenance,Applied Labor / Other
4501-00,Cost of Sales - Parts,Total Variable Operating Expense,Total Equipment Maintenance,Other Maintenance,Cost of Maintenance Sales
4502-00,Cost of Sales - Tires,Total Variable Operating Expense,Total Equipment Maintenance,Other Maintenance,Cost of Maintenance Sales
4503-00,Cost of Sales - Sublets,Total Variable Operating Expense,Total Equipment Maintenance,Other Maintenance,Cost of Maintenance Sales
4504-00,Cost of Sales - Expendables,Total Variable Operating Expense,Total Equipment Maintenance,Other Maintenance,Cost of Maintenance Sales
4505-00,Cost of Sales - Labor,Total Variable Operating Expense,Total Equipment Maintenance,Other Maintenance,Cost of Maintenance Sales
4430-01,Worker's Comp Premiums.1,Total Variable Operating Expense,"Work Comp and Claims, Drv",Work Comp Premiums and Allocations Drv,Work Comp Premiums and Allocations Drv
4430-02,Work Comp Premium Exp,Total Variable Operating Expense,"Work Comp and Claims, Drv",Work Comp Premiums and Allocations Drv,Work Comp Premiums and Allocations Drv
4430-03,Workers Comp Alloc Premium.1,Total Variable Operating Expense,"Work Comp and Claims, Drv",Work Comp Premiums and Allocations Drv,Work Comp Premiums and Allocations Drv
4430-04,Driver Wages - W/C,Total Variable Operating Expense,"Work Comp and Claims, Drv",Work Comp Premiums and Allocations Drv,Work Comp Premiums and Allocations Drv
4430-09,Driver Wages - Other,Total Variable Operating Expense,"Work Comp and Claims, Drv",Work Comp Premiums and Allocations Drv,Work Comp Premiums and Allocations Drv
4430-00,Worker's Compensation.1,Total Variable Operating Expense,"Work Comp and Claims, Drv","Work Comp Claims Less Than $250,000 Drv","Work Comp Claims Less Than $250,000 Drv"
4820-00,Excess Insurance Premiums,Total Variable Operating Expense,Insurance and Claims,Insurance Premiums,Insurance Premiums
4825-00,Liability SE Alloc Premium,Total Variable Operating Expense,Insurance and Claims,Insurance Premiums,Insurance Premiums
4840-00,Insurance on Bldg & Structures,Total Variable Operating Expense,Insurance and Claims,Insurance Premiums,Insurance Premiums
4850-00,Insurance Bonds & Filings,Total Variable Operating Expense,Insurance and Claims,Insurance Premiums,Insurance Premiums
4890-00,Other Insurance,Total Variable Operating Expense,Insurance and Claims,Insurance Premiums,Insurance Premiums
4890-01,Other Insurance-Audit Fees,Total Variable Operating Expense,Insurance and Claims,Insurance Premiums,Insurance Premiums
4890-02,Other Insurance-Actuary Fees,Total Variable Operating Expense,Insurance and Claims,Insurance Premiums,Insurance Premiums
4890-03,Other Insurance Mgmt Fees,Total Variable Operating Expense,Insurance and Claims,Insurance Premiums,Insurance Premiums
4890-04,Ins UW Exp Commissions,Total Variable Operating Expense,Insurance and Claims,Insurance Premiums,Insurance Premiums
4890-05,Ins UW Exp Fronting Fees,Total Variable Operating Expense,Insurance and Claims,Insurance Premiums,Insurance Premiums
4890-06,Ins UW Exp Premium Taxes,Total Variable Operating Expense,Insurance and Claims,Insurance Premiums,Insurance Premiums
4890-07,Ins UW Exp Nonprem Surchg,Total Variable Operating Expense,Insurance and Claims,Insurance Premiums,Insurance Premiums
4890-08,UW Exp Commissions - Retail,Total Variable Operating Expense,Insurance and Claims,Insurance Premiums,Insurance Premiums
4890-09,Ins UW Exp Referral Fees,Total Variable Operating Expense,Insurance and Claims,Insurance Premiums,Insurance Premiums
4890-10,Ins UW Exp Misc,Total Variable Operating Expense,Insurance and Claims,Insurance Premiums,Insurance Premiums
4824-00,O/O Insurance - WC,Total Variable Operating Expense,Insurance and Claims,Claims Expense,Mohave O/O Insurance Claims
4824-01,O/O Insurance - Occ/Acc,Total Variable Operating Expense,Insurance and Claims,Claims Expense,Mohave O/O Insurance Claims
4824-02,O/O Insurance - SFWC,Total Variable Operating Expense,Insurance and Claims,Claims Expense,Mohave O/O Insurance Claims
4824-03,O/O Insurance - APD,Total Variable Operating Expense,Insurance and Claims,Claims Expense,Mohave O/O Insurance Claims
4824-04,O/O Insurance - NTL,Total Variable Operating Expense,Insurance and Claims,Claims Expense,Mohave O/O Insurance Claims
4824-05,O/O Insurance Passenger Rider,Total Variable Operating Expense,Insurance and Claims,Claims Expense,Mohave O/O Insurance Claims
4824-06,O/O Insurance - Ceded,Total Variable Operating Expense,Insurance and Claims,Claims Expense,Mohave O/O Insurance Claims
4824-07,O/O Insurance - Nexus,Total Variable Operating Expense,Insurance and Claims,Claims Expense,Mohave O/O Insurance Claims
4824-08,O/O Insurance - Ins. Exp. - RR,Total Variable Operating Expense,Insurance and Claims,Claims Expense,Mohave O/O Insurance Claims
4824-09,O/O Insurance - CRS Policy Ceded,Total Variable Operating Expense,Insurance and Claims,Claims Expense,Mohave O/O Insurance Claims
4824-10,Carrier Insurance- AL,Total Variable Operating Expense,Insurance and Claims,Claims Expense,Carrier Insurance Claims
4824-11,Carrier Insurance - NoT,Total Variable Operating Expense,Insurance and Claims,Claims Expense,Carrier Insurance Claims
4824-12,Carrier Insurance- Cargo,Total Variable Operating Expense,Insurance and Claims,Claims Expense,Carrier Insurance Claims
4824-13,Carrier Insurance- GL,Total Variable Operating Expense,Insurance and Claims,Claims Expense,Carrier Insurance Claims
4821-00,Liability Self Insurance,Total Variable Operating Expense,Insurance and Claims,Claims Expense,Liability Claims Less Than $500K
4821-03,AOE Expense,Total Variable Operating Expense,Insurance and Claims,Claims Expense,Liability Claims Less Than $500K
4821-09, OP1 Auto Liability Expense,Total Variable Operating Expense,Insurance and Claims,Claims Expense,Liability Claims Less Than $500K
4822-00,Collision Self Ins,Total Variable Operating Expense,Insurance and Claims,Claims Expense,Liability Claims Less Than $500K
4821-01,Liability Self Ins - Growth,Total Variable Operating Expense,Insurance and Claims,Claims Expense,Liability Premiums and Allocations
4821-02,Liability Self Insurance Trans,Total Variable Operating Expense,Insurance and Claims,Claims Expense,Liability Premiums and Allocations
5989-00,Auto Liability G/L Allocation,Total Variable Operating Expense,Insurance and Claims,Claims Expense,Liability Premiums and Allocations
4580-00,Cargo Self Ins,Total Variable Operating Expense,Insurance and Claims,Claims Expense,Cargo Loss & Damage Insurance
4800-00,Insurance,Total Variable Operating Expense,Insurance and Claims,Claims Expense,Cargo Loss & Damage Insurance
4810-00,PL & PD Insurance,Total Variable Operating Expense,Insurance and Claims,Claims Expense,Cargo Loss & Damage Insurance
4823-00,Cargo Self Insurance,Total Variable Operating Expense,Insurance and Claims,Claims Expense,Cargo Loss & Damage Insurance
4823-01,Cargo Claim - Recovery,Total Variable Operating Expense,Insurance and Claims,Claims Expense,Cargo Loss & Damage Insurance
4830-00,"Fire,Theft, & Coll Insurance",Total Variable Operating Expense,Insurance and Claims,Claims Expense,Cargo Loss & Damage Insurance
4891-00,Self Insurance Claims,Total Variable Operating Expense,Insurance and Claims,Claims Expense,Cargo Loss & Damage Insurance
4996-00,Insurance GAB Allowance,Total Variable Operating Expense,Insurance and Claims,Claims Expense,Cargo Loss & Damage Insurance
4100-00,Officers & Supervisor,Total Fixed Operating Expense,"Non-Driver Salaries, Wages and Benefits",Non-Driver Salaries & Wages,Non-Driver Wages
4110-00,Officers.1,Total Fixed Operating Expense,"Non-Driver Salaries, Wages and Benefits",Non-Driver Salaries & Wages,Non-Driver Wages
4110-01,Officers.2,Total Fixed Operating Expense,"Non-Driver Salaries, Wages and Benefits",Non-Driver Salaries & Wages,Non-Driver Wages
4120-00,Dept & Div Manager,Total Fixed Operating Expense,"Non-Driver Salaries, Wages and Benefits",Non-Driver Salaries & Wages,Non-Driver Wages
4120-05,Dept & Div Manager - CSR,Total Fixed Operating Expense,"Non-Driver Salaries, Wages and Benefits",Non-Driver Salaries & Wages,Non-Driver Wages
4120-10,Dept & Div Manager - Planner,Total Fixed Operating Expense,"Non-Driver Salaries, Wages and Benefits",Non-Driver Salaries & Wages,Non-Driver Wages
4120-55,Dept & Div Manager - Recruitin,Total Fixed Operating Expense,"Non-Driver Salaries, Wages and Benefits",Non-Driver Salaries & Wages,Non-Driver Wages
4121-00,Salaries & Wages - Safety,Total Fixed Operating Expense,"Non-Driver Salaries, Wages and Benefits",Non-Driver Salaries & Wages,Non-Driver Wages
4130-00,Supervisory & Admin Personnel,Total Fixed Operating Expense,"Non-Driver Salaries, Wages and Benefits",Non-Driver Salaries & Wages,Non-Driver Wages
4130-10,Admin - Early Retirement,Total Fixed Operating Expense,"Non-Driver Salaries, Wages and Benefits",Non-Driver Salaries & Wages,Non-Driver Wages
4131-00,Salaries & Wages - Sales,Total Fixed Operating Expense,"Non-Driver Salaries, Wages and Benefits",Non-Driver Salaries & Wages,Non-Driver Wages
4135-00,Salaries Supervisors,Total Fixed Operating Expense,"Non-Driver Salaries, Wages and Benefits",Non-Driver Salaries & Wages,Non-Driver Wages
4139-00,G & A Salaries,Total Fixed Operating Expense,"Non-Driver Salaries, Wages and Benefits",Non-Driver Salaries & Wages,Non-Driver Wages
4200-00,Salaries & Wages.,Total Fixed Operating Expense,"Non-Driver Salaries, Wages and Benefits",Non-Driver Salaries & Wages,Non-Driver Wages
4210-00,NDRV Hourly Base Wages,Total Fixed Operating Expense,"Non-Driver Salaries, Wages and Benefits",Non-Driver Salaries & Wages,Non-Driver Wages
4210-01,NDRV Salary Base Wages,Total Fixed Operating Expense,"Non-Driver Salaries, Wages and Benefits",Non-Driver Salaries & Wages,Non-Driver Wages
4210-02,Overtime Wages,Total Fixed Operating Expense,"Non-Driver Salaries, Wages and Benefits",Non-Driver Salaries & Wages,Non-Driver Wages
4210-03,Other Wages,Total Fixed Operating Expense,"Non-Driver Salaries, Wages and Benefits",Non-Driver Salaries & Wages,Non-Driver Wages
4210-05,Shop Warranty / Incentive Bonus,Total Fixed Operating Expense,"Non-Driver Salaries, Wages and Benefits",Non-Driver Salaries & Wages,Non-Driver Wages
4210-06,Broker Commissions,Total Fixed Operating Expense,"Non-Driver Salaries, Wages and Benefits",Non-Driver Salaries & Wages,Non-Driver Wages
4210-07,Non-Driver Sign-on Bonus,Total Fixed Operating Expense,"Non-Driver Salaries, Wages and Benefits",Non-Driver Salaries & Wages,Non-Driver Wages
4210-08,NDRV - Vacation/Sick/Other Pay,Total Fixed Operating Expense,"Non-Driver Salaries, Wages and Benefits",Non-Driver Salaries & Wages,Non-Driver Wages
4210-09,NDRV - Holiday Pay,Total Fixed Operating Expense,"Non-Driver Salaries, Wages and Benefits",Non-Driver Salaries & Wages,Non-Driver Wages
4210-10,Clerical & Admin - Planner,Total Fixed Operating Expense,"Non-Driver Salaries, Wages and Benefits",Non-Driver Salaries & Wages,Non-Driver Wages
4210-11,Salaries to&from Knight,Total Fixed Operating Expense,"Non-Driver Salaries, Wages and Benefits",Non-Driver Salaries & Wages,Non-Driver Wages
4210-17,Non-Driver Wages - Premium Pay,Total Fixed Operating Expense,"Non-Driver Salaries, Wages and Benefits",Non-Driver Salaries & Wages,Non-Driver Wages
4210-20,Severance Pay,Total Fixed Operating Expense,"Non-Driver Salaries, Wages and Benefits",Non-Driver Salaries & Wages,Non-Driver Wages
4210-55,Clerical & Admin - Recruiting,Total Fixed Operating Expense,"Non-Driver Salaries, Wages and Benefits",Non-Driver Salaries & Wages,Non-Driver Wages
4210-99,Internal Labor,Total Fixed Operating Expense,"Non-Driver Salaries, Wages and Benefits",Non-Driver Salaries & Wages,Non-Driver Wages
4216-00,Wages Maintenance Clerical,Total Fixed Operating Expense,"Non-Driver Salaries, Wages and Benefits",Non-Driver Salaries & Wages,Non-Driver Wages
4219-00,Wages G & A Clerical,Total Fixed Operating Expense,"Non-Driver Salaries, Wages and Benefits",Non-Driver Salaries & Wages,Non-Driver Wages
4241-00,Wages Mechanics Shop - Hourly,Total Fixed Operating Expense,"Non-Driver Salaries, Wages and Benefits",Non-Driver Salaries & Wages,Non-Driver Wages
4241-01,Wages Mechanics Shop - Salary,Total Fixed Operating Expense,"Non-Driver Salaries, Wages and Benefits",Non-Driver Salaries & Wages,Non-Driver Wages
4241-02,Wages Mechanics Shop Overtime,Total Fixed Operating Expense,"Non-Driver Salaries, Wages and Benefits",Non-Driver Salaries & Wages,Non-Driver Wages
4241-08,Wages Mechanics Shop - PTO,Total Fixed Operating Expense,"Non-Driver Salaries, Wages and Benefits",Non-Driver Salaries & Wages,Non-Driver Wages
4246-00,Safety Lane Wages,Total Fixed Operating Expense,"Non-Driver Salaries, Wages and Benefits",Non-Driver Salaries & Wages,Non-Driver Wages
4260-00,Wages Welders,Total Fixed Operating Expense,"Non-Driver Salaries, Wages and Benefits",Non-Driver Salaries & Wages,Non-Driver Wages
4261-00,Wages Mechanics,Total Fixed Operating Expense,"Non-Driver Salaries, Wages and Benefits",Non-Driver Salaries & Wages,Non-Driver Wages
4262-00,Wages Yard,Total Fixed Operating Expense,"Non-Driver Salaries, Wages and Benefits",Non-Driver Salaries & Wages,Non-Driver Wages
4263-00,Wages Forklift Operators,Total Fixed Operating Expense,"Non-Driver Salaries, Wages and Benefits",Non-Driver Salaries & Wages,Non-Driver Wages
4264-00,Wages for Driver Training,Total Fixed Operating Expense,"Non-Driver Salaries, Wages and Benefits",Non-Driver Salaries & Wages,Non-Driver Wages
4280-00,Dedic Wages To Be Allocated,Total Fixed Operating Expense,"Non-Driver Salaries, Wages and Benefits",Non-Driver Salaries & Wages,Non-Driver Wages
4281-00,Autohaul Wages To Be Allocated,Total Fixed Operating Expense,"Non-Driver Salaries, Wages and Benefits",Non-Driver Salaries & Wages,Non-Driver Wages
4290-00,Other Labor.1,Total Fixed Operating Expense,"Non-Driver Salaries, Wages and Benefits",Non-Driver Salaries & Wages,Non-Driver Wages
4310-00,Clerical & Administrative,Total Fixed Operating Expense,"Non-Driver Salaries, Wages and Benefits",Non-Driver Salaries & Wages,Non-Driver Wages
4411-01,Social Security (IMSS),Total Fixed Operating Expense,"Non-Driver Salaries, Wages and Benefits",Non-Driver Salaries & Wages,Non-Driver Wages
4411-03,Retirement (Afore),Total Fixed Operating Expense,"Non-Driver Salaries, Wages and Benefits",Non-Driver Salaries & Wages,Non-Driver Wages
4412-00,Mexico PTU Expense,Total Fixed Operating Expense,"Non-Driver Salaries, Wages and Benefits",Non-Driver Salaries & Wages,Non-Driver Wages
4413-00,NTTS Leased Employee Expenses,Total Fixed Operating Expense,"Non-Driver Salaries, Wages and Benefits",Non-Driver Salaries & Wages,Non-Driver Wages
4490-00,Other Fringes.2,Total Fixed Operating Expense,"Non-Driver Salaries, Wages and Benefits",Non-Driver Salaries & Wages,Non-Driver Wages
4994-00,Salaries GAB Allowance,Total Fixed Operating Expense,"Non-Driver Salaries, Wages and Benefits",Non-Driver Salaries & Wages,Non-Driver Wages
4132-00,Stock Compensation Expense,Total Fixed Operating Expense,"Non-Driver Salaries, Wages and Benefits",Non-Driver Salaries & Wages,Non-Driver Bonus / Stock Compensation
4210-04,Admin Bonus,Total Fixed Operating Expense,"Non-Driver Salaries, Wages and Benefits",Non-Driver Salaries & Wages,Non-Driver Bonus / Stock Compensation
4210-07,Non-Driver Sign-on Bonus,Total Fixed Operating Expense,"Non-Driver Salaries, Wages and Benefits",Non-Driver Salaries & Wages,Non-Driver Bonus / Stock Compensation
4241-03,Wages Mechanics Shop - Bonus.1,Total Fixed Operating Expense,"Non-Driver Salaries, Wages and Benefits",Non-Driver Salaries & Wages,Non-Driver Bonus / Stock Compensation
4241-04,Wages Mechanics Shop - Bonus.2,Total Fixed Operating Expense,"Non-Driver Salaries, Wages and Benefits",Non-Driver Salaries & Wages,Non-Driver Bonus / Stock Compensation
4398-00,Security Costs,Total Fixed Operating Expense,"Non-Driver Salaries, Wages and Benefits",Non-Driver Salaries & Wages,Non-Driver Bonus / Stock Compensation
4461-00,Christmas Bonuses - Mexico,Total Fixed Operating Expense,"Non-Driver Salaries, Wages and Benefits",Non-Driver Salaries & Wages,Non-Driver Bonus / Stock Compensation
4910-00,Security Expense,Total Fixed Operating Expense,"Non-Driver Salaries, Wages and Benefits",Non-Driver Salaries & Wages,Non-Driver Bonus / Stock Compensation
4411-00,Federal Payroll Taxes.2,Total Fixed Operating Expense,"Non-Driver Salaries, Wages and Benefits",Non-Driver Benefits,Payroll Taxes NonDrv
4411-02,House Tax (Infonavit),Total Fixed Operating Expense,"Non-Driver Salaries, Wages and Benefits",Non-Driver Benefits,Payroll Taxes NonDrv
4415-00,Fed P/R Taxes Supervisor,Total Fixed Operating Expense,"Non-Driver Salaries, Wages and Benefits",Non-Driver Benefits,Payroll Taxes NonDrv
4416-00,Fed P/R Taxes Safety,Total Fixed Operating Expense,"Non-Driver Salaries, Wages and Benefits",Non-Driver Benefits,Payroll Taxes NonDrv
4419-00,Fed P/R Taxes G & A,Total Fixed Operating Expense,"Non-Driver Salaries, Wages and Benefits",Non-Driver Benefits,Payroll Taxes NonDrv
4421-00,State Payroll Taxes.2,Total Fixed Operating Expense,"Non-Driver Salaries, Wages and Benefits",Non-Driver Benefits,Payroll Taxes NonDrv
4425-00,State P/R Taxes Supervisor,Total Fixed Operating Expense,"Non-Driver Salaries, Wages and Benefits",Non-Driver Benefits,Payroll Taxes NonDrv
4426-00,State P/R Taxes Safety,Total Fixed Operating Expense,"Non-Driver Salaries, Wages and Benefits",Non-Driver Benefits,Payroll Taxes NonDrv
4429-00,State P/R Taxes G & A,Total Fixed Operating Expense,"Non-Driver Salaries, Wages and Benefits",Non-Driver Benefits,Payroll Taxes NonDrv
4441-00,Group Health Insurance.3,Total Fixed Operating Expense,"Non-Driver Salaries, Wages and Benefits",Non-Driver Benefits,Group Health Insurance NonDrv
4445-00,Group Insurance Supervisors,Total Fixed Operating Expense,"Non-Driver Salaries, Wages and Benefits",Non-Driver Benefits,Group Health Insurance NonDrv
4446-00,Group Insurance Safety Lane,Total Fixed Operating Expense,"Non-Driver Salaries, Wages and Benefits",Non-Driver Benefits,Group Health Insurance NonDrv
4449-00,Group Insurance G & A,Total Fixed Operating Expense,"Non-Driver Salaries, Wages and Benefits",Non-Driver Benefits,Group Health Insurance NonDrv
4451-00,Pension & Retirement Plans.2,Total Fixed Operating Expense,"Non-Driver Salaries, Wages and Benefits",Non-Driver Benefits,Pension & Retirement NonDrv
4455-00,Pension Supervisors,Total Fixed Operating Expense,"Non-Driver Salaries, Wages and Benefits",Non-Driver Benefits,Pension & Retirement NonDrv
4456-00,Pension Safety Lane,Total Fixed Operating Expense,"Non-Driver Salaries, Wages and Benefits",Non-Driver Benefits,Pension & Retirement NonDrv
4459-00,Pension G & A,Total Fixed Operating Expense,"Non-Driver Salaries, Wages and Benefits",Non-Driver Benefits,Pension & Retirement NonDrv
4430-05,Work Comp Prem - Fremont,Total Fixed Operating Expense,"Work Comp and Claims, NonDrv",Work Comp Premiums and Allocations NonDrv,Work Comp Premiums and Allocations NonDrv
4430-06,Work Comp Prem - AIG,Total Fixed Operating Expense,"Work Comp and Claims, NonDrv",Work Comp Premiums and Allocations NonDrv,Work Comp Premiums and Allocations NonDrv
4430-07,Work Comp Prem - Kemper 01-02,Total Fixed Operating Expense,"Work Comp and Claims, NonDrv",Work Comp Premiums and Allocations NonDrv,Work Comp Premiums and Allocations NonDrv
4430-08,Work Comp Prem - Kemper 02-03,Total Fixed Operating Expense,"Work Comp and Claims, NonDrv",Work Comp Premiums and Allocations NonDrv,Work Comp Premiums and Allocations NonDrv
4430-11,Work Comp Prem-Ace 2003,Total Fixed Operating Expense,"Work Comp and Claims, NonDrv",Work Comp Premiums and Allocations NonDrv,Work Comp Premiums and Allocations NonDrv
4430-20,Work Comp Prem - Alloc,Total Fixed Operating Expense,"Work Comp and Claims, NonDrv",Work Comp Premiums and Allocations NonDrv,Work Comp Premiums and Allocations NonDrv
4431-01,Worker's Comp Premiums.2,Total Fixed Operating Expense,"Work Comp and Claims, NonDrv",Work Comp Premiums and Allocations NonDrv,Work Comp Premiums and Allocations NonDrv
4431-02,Workers Comp Alloc Premium.2,Total Fixed Operating Expense,"Work Comp and Claims, NonDrv",Work Comp Premiums and Allocations NonDrv,Work Comp Premiums and Allocations NonDrv
4435-00,Worker's Comp Supervisors,Total Fixed Operating Expense,"Work Comp and Claims, NonDrv",Work Comp Premiums and Allocations NonDrv,Work Comp Premiums and Allocations NonDrv
4436-00,Worker's Comp Safety Lane,Total Fixed Operating Expense,"Work Comp and Claims, NonDrv",Work Comp Premiums and Allocations NonDrv,Work Comp Premiums and Allocations NonDrv
4439-00,Worker's Comp G & A,Total Fixed Operating Expense,"Work Comp and Claims, NonDrv",Work Comp Premiums and Allocations NonDrv,Work Comp Premiums and Allocations NonDrv
5988-00,Workers Comp G/L Allocation,Total Fixed Operating Expense,"Work Comp and Claims, NonDrv",Work Comp Premiums and Allocations NonDrv,Work Comp Premiums and Allocations NonDrv
4431-00,Worker's Compensation.2,Total Fixed Operating Expense,"Work Comp and Claims, NonDrv","Work Comp Claims Less Than $250,000 NonDrv","Work Comp Claims Less Than $250,000 NonDrv"
4500-00,Operating Supplies & Expenses,Total Fixed Operating Expense,Other Operating Supplies (Overhead),Other Operating Supplies (Overhead),Other Operating Supplies (Overhead)
4561-00,Wire Fees,Total Fixed Operating Expense,Other Operating Supplies (Overhead),Other Operating Supplies (Overhead),Other Operating Supplies (Overhead)
4561-01,Wire Fees Recovery,Total Fixed Operating Expense,Other Operating Supplies (Overhead),Other Operating Supplies (Overhead),Other Operating Supplies (Overhead)
4562-00,Employee Expenses,Total Fixed Operating Expense,Other Operating Supplies (Overhead),Other Operating Supplies (Overhead),Other Operating Supplies (Overhead)
4563-00,Travel - Drivers,Total Fixed Operating Expense,Other Operating Supplies (Overhead),Other Operating Supplies (Overhead),Other Operating Supplies (Overhead)
4564-08,Non-Driver Placement Fees,Total Fixed Operating Expense,Other Operating Supplies (Overhead),Other Operating Supplies (Overhead),Other Operating Supplies (Overhead)
4564-11,Educational & Training Expense,Total Fixed Operating Expense,Other Operating Supplies (Overhead),Other Operating Supplies (Overhead),Other Operating Supplies (Overhead)
4575-00,Forklift Rental,Total Fixed Operating Expense,Other Operating Supplies (Overhead),Other Operating Supplies (Overhead),Other Operating Supplies (Overhead)
4577-00,Citations,Total Fixed Operating Expense,Other Operating Supplies (Overhead),Other Operating Supplies (Overhead),Other Operating Supplies (Overhead)
4582-00,Shop Tools Expense,Total Fixed Operating Expense,Other Operating Supplies (Overhead),Other Operating Supplies (Overhead),Other Operating Supplies (Overhead)
4583-00,Forklift Fuel,Total Fixed Operating Expense,Other Operating Supplies (Overhead),Other Operating Supplies (Overhead),Other Operating Supplies (Overhead)
4584-00,Repair & Maint Forklift,Total Fixed Operating Expense,Other Operating Supplies (Overhead),Other Operating Supplies (Overhead),Other Operating Supplies (Overhead)
4585-00,Debt-free Tuition Payment,Total Fixed Operating Expense,Other Operating Supplies (Overhead),Other Operating Supplies (Overhead),Other Operating Supplies (Overhead)
4585-01,Debt-free Tuition Reimburse,Total Fixed Operating Expense,Other Operating Supplies (Overhead),Other Operating Supplies (Overhead),Other Operating Supplies (Overhead)
4585-02,SNHU Laptop Credit,Total Fixed Operating Expense,Other Operating Supplies (Overhead),Other Operating Supplies (Overhead),Other Operating Supplies (Overhead)
4585-03,SNHU Data Monthly,Total Fixed Operating Expense,Other Operating Supplies (Overhead),Other Operating Supplies (Overhead),Other Operating Supplies (Overhead)
4589-00,Shop Allocation,Total Fixed Operating Expense,Other Operating Supplies (Overhead),Other Operating Supplies (Overhead),Other Operating Supplies (Overhead)
4590-00,Other Op Supplies & Exp,Total Fixed Operating Expense,Other Operating Supplies (Overhead),Other Operating Supplies (Overhead),Other Operating Supplies (Overhead)
4590-01,Temporary Labor,Total Fixed Operating Expense,Other Operating Supplies (Overhead),Other Operating Supplies (Overhead),Other Operating Supplies (Overhead)
4593-00,Company Store - Purchases,Total Fixed Operating Expense,Other Operating Supplies (Overhead),Other Operating Supplies (Overhead),Other Operating Supplies (Overhead)
4597-00,Promotional Expenses,Total Fixed Operating Expense,Other Operating Supplies (Overhead),Other Operating Supplies (Overhead),Other Operating Supplies (Overhead)
4598-00,Promotional Deductions,Total Fixed Operating Expense,Other Operating Supplies (Overhead),Other Operating Supplies (Overhead),Other Operating Supplies (Overhead)
4599-00,Moving Facilities Expense,Total Fixed Operating Expense,Other Operating Supplies (Overhead),Other Operating Supplies (Overhead),Other Operating Supplies (Overhead)
4600-00,General Supplies & Expenses,Total Fixed Operating Expense,Other Operating Supplies (Overhead),Other Operating Supplies (Overhead),Other Operating Supplies (Overhead)
4610-00,Office Supplies,Total Fixed Operating Expense,Other Operating Supplies (Overhead),Other Operating Supplies (Overhead),Other Operating Supplies (Overhead)
4611-00,Postage,Total Fixed Operating Expense,Other Operating Supplies (Overhead),Other Operating Supplies (Overhead),Other Operating Supplies (Overhead)
4612-00,Outsourced Corporate Services,Total Fixed Operating Expense,Other Operating Supplies (Overhead),Other Operating Supplies (Overhead),Other Operating Supplies (Overhead)
4620-00,Tariffs & Schedules,Total Fixed Operating Expense,Other Operating Supplies (Overhead),Other Operating Supplies (Overhead),Other Operating Supplies (Overhead)
4622-00,Gas for Cars,Total Fixed Operating Expense,Other Operating Supplies (Overhead),Other Operating Supplies (Overhead),Other Operating Supplies (Overhead)
4623-00,Business Entertainment,Total Fixed Operating Expense,Other Operating Supplies (Overhead),Other Operating Supplies (Overhead),Other Operating Supplies (Overhead)
4623-01,Business Entertainment Suites,Total Fixed Operating Expense,Other Operating Supplies (Overhead),Other Operating Supplies (Overhead),Other Operating Supplies (Overhead)
4624-00,Dues & Subscriptions,Total Fixed Operating Expense,Other Operating Supplies (Overhead),Other Operating Supplies (Overhead),Other Operating Supplies (Overhead)
4624-01,Non-Deductible Dues,Total Fixed Operating Expense,Other Operating Supplies (Overhead),Other Operating Supplies (Overhead),Other Operating Supplies (Overhead)
4625-00,Management Meetings,Total Fixed Operating Expense,Other Operating Supplies (Overhead),Other Operating Supplies (Overhead),Other Operating Supplies (Overhead)
4625-01,Annual Meeting,Total Fixed Operating Expense,Other Operating Supplies (Overhead),Other Operating Supplies (Overhead),Other Operating Supplies (Overhead)
4625-02,Diamond Driver Meeting,Total Fixed Operating Expense,Other Operating Supplies (Overhead),Other Operating Supplies (Overhead),Other Operating Supplies (Overhead)
4626-00,Repairs & Maint Co Veh.1,Total Fixed Operating Expense,Other Operating Supplies (Overhead),Other Operating Supplies (Overhead),Other Operating Supplies (Overhead)
4626-01,Repairs & Maint Co Veh.2,Total Fixed Operating Expense,Other Operating Supplies (Overhead),Other Operating Supplies (Overhead),Other Operating Supplies (Overhead)
4627-00,Maintenance - Office Equip,Total Fixed Operating Expense,Other Operating Supplies (Overhead),Other Operating Supplies (Overhead),Other Operating Supplies (Overhead)
4628-00,Travel,Total Fixed Operating Expense,Other Operating Supplies (Overhead),Other Operating Supplies (Overhead),Other Operating Supplies (Overhead)
4628-01,Travel & Entertainment (Meals),Total Fixed Operating Expense,Other Operating Supplies (Overhead),Other Operating Supplies (Overhead),Other Operating Supplies (Overhead)
4629-00,Security Services,Total Fixed Operating Expense,Other Operating Supplies (Overhead),Other Operating Supplies (Overhead),Other Operating Supplies (Overhead)
4629-60,Font V Blvd-Security Services,Total Fixed Operating Expense,Other Operating Supplies (Overhead),Other Operating Supplies (Overhead),Other Operating Supplies (Overhead)
4630-00,Advertising,Total Fixed Operating Expense,Other Operating Supplies (Overhead),Other Operating Supplies (Overhead),Other Operating Supplies (Overhead)
4631-00,Car Allowance,Total Fixed Operating Expense,Other Operating Supplies (Overhead),Other Operating Supplies (Overhead),Other Operating Supplies (Overhead)
4632-00,Computer Expense,Total Fixed Operating Expense,Other Operating Supplies (Overhead),Other Operating Supplies (Overhead),Other Operating Supplies (Overhead)
4632-01,Computer Expense - ERP,Total Fixed Operating Expense,Other Operating Supplies (Overhead),Other Operating Supplies (Overhead),Other Operating Supplies (Overhead)
4633-00,License & Registration,Total Fixed Operating Expense,Other Operating Supplies (Overhead),Other Operating Supplies (Overhead),Other Operating Supplies (Overhead)
4634-00,Service Awards,Total Fixed Operating Expense,Other Operating Supplies (Overhead),Other Operating Supplies (Overhead),Other Operating Supplies (Overhead)
4634-01,Service Awards for Drivers,Total Fixed Operating Expense,Other Operating Supplies (Overhead),Other Operating Supplies (Overhead),Other Operating Supplies (Overhead)
4635-00,Business Permits & Licenses,Total Fixed Operating Expense,Other Operating Supplies (Overhead),Other Operating Supplies (Overhead),Other Operating Supplies (Overhead)
4635-01,Business Permits&Licenses-Exam Fees,Total Fixed Operating Expense,Other Operating Supplies (Overhead),Other Operating Supplies (Overhead),Other Operating Supplies (Overhead)
4636-00,Bank Charges,Total Fixed Operating Expense,Other Operating Supplies (Overhead),Other Operating Supplies (Overhead),Other Operating Supplies (Overhead)
4636-01,Bank Charges-PowerTrack,Total Fixed Operating Expense,Other Operating Supplies (Overhead),Other Operating Supplies (Overhead),Other Operating Supplies (Overhead)
4636-02,Bank Charges-Credit Card Processing,Total Fixed Operating Expense,Other Operating Supplies (Overhead),Other Operating Supplies (Overhead),Other Operating Supplies (Overhead)
4636-03,Bank Fees Tax Exempt Investments,Total Fixed Operating Expense,Other Operating Supplies (Overhead),Other Operating Supplies (Overhead),Other Operating Supplies (Overhead)
4637-00,Fines & Citations,Total Fixed Operating Expense,Other Operating Supplies (Overhead),Other Operating Supplies (Overhead),Other Operating Supplies (Overhead)
4638-00,Charitable Contributions,Total Fixed Operating Expense,Other Operating Supplies (Overhead),Other Operating Supplies (Overhead),Other Operating Supplies (Overhead)
4640-00,Commissions Agent Fees,Total Fixed Operating Expense,Other Operating Supplies (Overhead),Other Operating Supplies (Overhead),Other Operating Supplies (Overhead)
4640-01,Sale Specials - Owner Operator,Total Fixed Operating Expense,Other Operating Supplies (Overhead),Other Operating Supplies (Overhead),Other Operating Supplies (Overhead)
4645-00,Brokerage Fees,Total Fixed Operating Expense,Other Operating Supplies (Overhead),Other Operating Supplies (Overhead),Other Operating Supplies (Overhead)
4650-00,Solicitation Comm/Outside Fee,Total Fixed Operating Expense,Other Operating Supplies (Overhead),Other Operating Supplies (Overhead),Other Operating Supplies (Overhead)
4660-00,Officers & Supr Personnel Exp,Total Fixed Operating Expense,Other Operating Supplies (Overhead),Other Operating Supplies (Overhead),Other Operating Supplies (Overhead)
4665-00,Employee Rewards & Recognition,Total Fixed Operating Expense,Other Operating Supplies (Overhead),Other Operating Supplies (Overhead),Other Operating Supplies (Overhead)
4665-01,Driver Rewards & Recognition,Total Fixed Operating Expense,Other Operating Supplies (Overhead),Other Operating Supplies (Overhead),Other Operating Supplies (Overhead)
4670-00,Other Employees Expenses,Total Fixed Operating Expense,Other Operating Supplies (Overhead),Other Operating Supplies (Overhead),Other Operating Supplies (Overhead)
4670-01,Relocation,Total Fixed Operating Expense,Other Operating Supplies (Overhead),Other Operating Supplies (Overhead),Other Operating Supplies (Overhead)
4680-00,Waste Management,Total Fixed Operating Expense,Other Operating Supplies (Overhead),Other Operating Supplies (Overhead),Other Operating Supplies (Overhead)
4690-00,Other General Spl & Exp,Total Fixed Operating Expense,Other Operating Supplies (Overhead),Other Operating Supplies (Overhead),Other Operating Supplies (Overhead)
4691-00,Discounts.1,Total Fixed Operating Expense,Other Operating Supplies (Overhead),Other Operating Supplies (Overhead),Other Operating Supplies (Overhead)
4699-00,Donations,Total Fixed Operating Expense,Other Operating Supplies (Overhead),Other Operating Supplies (Overhead),Other Operating Supplies (Overhead)
4699-01,Political Contributions,Total Fixed Operating Expense,Other Operating Supplies (Overhead),Other Operating Supplies (Overhead),Other Operating Supplies (Overhead)
4699-02,Swift Charities,Total Fixed Operating Expense,Other Operating Supplies (Overhead),Other Operating Supplies (Overhead),Other Operating Supplies (Overhead)
4900-00,Admin Fee Exp,Total Fixed Operating Expense,Other Operating Supplies (Overhead),Other Operating Supplies (Overhead),Other Operating Supplies (Overhead)
4900-01,Carrier Fee Exp,Total Fixed Operating Expense,Other Operating Supplies (Overhead),Other Operating Supplies (Overhead),Other Operating Supplies (Overhead)
4905-00,TMS Fee,Total Fixed Operating Expense,Other Operating Supplies (Overhead),Other Operating Supplies (Overhead),Other Operating Supplies (Overhead)
4995-00,Operating Exp GAB Allowance,Total Fixed Operating Expense,Other Operating Supplies (Overhead),Other Operating Supplies (Overhead),Other Operating Supplies (Overhead)
5130-00,Postage & Freight,Total Fixed Operating Expense,Other Operating Supplies (Overhead),Other Operating Supplies (Overhead),Other Operating Supplies (Overhead)
5900-00,Miscellaneous Expenses,Total Fixed Operating Expense,Other Operating Supplies (Overhead),Other Operating Supplies (Overhead),Other Operating Supplies (Overhead)
5910-00,Data Processing,Total Fixed Operating Expense,Other Operating Supplies (Overhead),Other Operating Supplies (Overhead),Other Operating Supplies (Overhead)
5911-00,Computer Costs,Total Fixed Operating Expense,Other Operating Supplies (Overhead),Other Operating Supplies (Overhead),Other Operating Supplies (Overhead)
5920-00,Management Fees,Total Fixed Operating Expense,Other Operating Supplies (Overhead),Other Operating Supplies (Overhead),Other Operating Supplies (Overhead)
5930-00,Accounting Fees,Total Fixed Operating Expense,Other Operating Supplies (Overhead),Other Operating Supplies (Overhead),Other Operating Supplies (Overhead)
5931-00,Professional Fees - Legal,Total Fixed Operating Expense,Other Operating Supplies (Overhead),Other Operating Supplies (Overhead),Other Operating Supplies (Overhead)
5931-01,Professional Fees - Legal Costs,Total Fixed Operating Expense,Other Operating Supplies (Overhead),Other Operating Supplies (Overhead),Other Operating Supplies (Overhead)
5931-02,Professional Fees - Legal Travel,Total Fixed Operating Expense,Other Operating Supplies (Overhead),Other Operating Supplies (Overhead),Other Operating Supplies (Overhead)
5931-10,Legal Settlement,Total Fixed Operating Expense,Other Operating Supplies (Overhead),Other Operating Supplies (Overhead),Other Operating Supplies (Overhead)
5932-00,Professional Fees - Accounting,Total Fixed Operating Expense,Other Operating Supplies (Overhead),Other Operating Supplies (Overhead),Other Operating Supplies (Overhead)
5932-01,Professional Fees - BOD,Total Fixed Operating Expense,Other Operating Supplies (Overhead),Other Operating Supplies (Overhead),Other Operating Supplies (Overhead)
5933-00,Prof Fees - Consult,Total Fixed Operating Expense,Other Operating Supplies (Overhead),Other Operating Supplies (Overhead),Other Operating Supplies (Overhead)
5933-01,Prof Fees - Consult MSCA,Total Fixed Operating Expense,Other Operating Supplies (Overhead),Other Operating Supplies (Overhead),Other Operating Supplies (Overhead)
5933-02,Network Ops Center,Total Fixed Operating Expense,Other Operating Supplies (Overhead),Other Operating Supplies (Overhead),Other Operating Supplies (Overhead)
5933-63,Professional Fees - Consulting,Total Fixed Operating Expense,Other Operating Supplies (Overhead),Other Operating Supplies (Overhead),Other Operating Supplies (Overhead)
5934-00,401K Administrative Fees,Total Fixed Operating Expense,Other Operating Supplies (Overhead),Other Operating Supplies (Overhead),Other Operating Supplies (Overhead)
5935-00,Financial Advisory Fees,Total Fixed Operating Expense,Other Operating Supplies (Overhead),Other Operating Supplies (Overhead),Other Operating Supplies (Overhead)
5936-00,IEL Shared Services - Tractor Acquisition,Total Fixed Operating Expense,Other Operating Supplies (Overhead),Other Operating Supplies (Overhead),Other Operating Supplies (Overhead)
5937-00,Shared Svcs - Professional&Adm,Total Fixed Operating Expense,Other Operating Supplies (Overhead),Other Operating Supplies (Overhead),Other Operating Supplies (Overhead)
5938-00,IEL Shared Services - Marketing & Referral,Total Fixed Operating Expense,Other Operating Supplies (Overhead),Other Operating Supplies (Overhead),Other Operating Supplies (Overhead)
5960-00,AFD Expense,Total Fixed Operating Expense,Other Operating Supplies (Overhead),Other Operating Supplies (Overhead),Other Operating Supplies (Overhead)
8731-00,Tax Penalties.1,Total Fixed Operating Expense,Other Operating Supplies (Overhead),Other Operating Supplies (Overhead),Other Operating Supplies (Overhead)
8731-01,Tax Penalties.2,Total Fixed Operating Expense,Other Operating Supplies (Overhead),Other Operating Supplies (Overhead),Other Operating Supplies (Overhead)
4564-00,Hiring Expense,Total Fixed Operating Expense,Total Hiring Expense,Total Hiring Expense,Driver Hiring Expense
4564-01,Hiring-Hotels,Total Fixed Operating Expense,Total Hiring Expense,Total Hiring Expense,Driver Hiring Expense
4564-02,Hiring-Meals,Total Fixed Operating Expense,Total Hiring Expense,Total Hiring Expense,Driver Hiring Expense
4564-03,Hiring-Clinic Costs,Total Fixed Operating Expense,Total Hiring Expense,Total Hiring Expense,Driver Hiring Expense
4564-04,Hiring-Advertising,Total Fixed Operating Expense,Total Hiring Expense,Total Hiring Expense,Driver Hiring Expense
4564-05,Hiring-Schl Referral Commissio,Total Fixed Operating Expense,Total Hiring Expense,Total Hiring Expense,Driver Hiring Expense
4564-06,Hiring-Transportation,Total Fixed Operating Expense,Total Hiring Expense,Total Hiring Expense,Driver Hiring Expense
4564-07,Hiring-Driver Mentor Program,Total Fixed Operating Expense,Total Hiring Expense,Total Hiring Expense,Driver Hiring Expense
4564-09,Orientation Pay,Total Fixed Operating Expense,Total Hiring Expense,Total Hiring Expense,Driver Hiring Expense
4581-00,Corporate Branding,Total Fixed Operating Expense,Total Hiring Expense,Total Hiring Expense,Driver Hiring Expense
4596-00,Student Driver Loan Collection,Total Fixed Operating Expense,Total Hiring Expense,Total Hiring Expense,Driver Hiring Expense
4596-01,Student Driver Loan Reimb,Total Fixed Operating Expense,Total Hiring Expense,Total Hiring Expense,Driver Hiring Expense
4596-02,Student Drv Loan Reimb Outside,Total Fixed Operating Expense,Total Hiring Expense,Total Hiring Expense,Driver Hiring Expense
4596-03,Student Drv Loan Termed Drv,Total Fixed Operating Expense,Total Hiring Expense,Total Hiring Expense,Driver Hiring Expense
4596-04,Stdnt Drv Loan Termed 3rd Pty,Total Fixed Operating Expense,Total Hiring Expense,Total Hiring Expense,Driver Hiring Expense
4596-05,Student Drv Loan Fees,Total Fixed Operating Expense,Total Hiring Expense,Total Hiring Expense,Driver Hiring Expense
5993-00,Hiring Alloc,Total Fixed Operating Expense,Total Hiring Expense,Total Hiring Expense,Corporate Allocations-Hiring
5430-00,Tractor Lease Expense,Total Fixed Operating Expense,Total Operational Equipment Expense,Tractor Fixed Expense,Tractor Leasing
5430-01,Intercompany Lease Expense,Total Fixed Operating Expense,Total Operational Equipment Expense,Tractor Fixed Expense,Tractor Leasing
5430-02,FV Operating Lease Exp-Tractor,Total Fixed Operating Expense,Total Operational Equipment Expense,Tractor Fixed Expense,Tractor Leasing
5434-00,Tractor Rent - Other,Total Fixed Operating Expense,Total Operational Equipment Expense,Tractor Fixed Expense,Tractor Leasing
4321-00,Depr - Tractor.1,Total Fixed Operating Expense,Total Operational Equipment Expense,Tractor Fixed Expense,Tractor Depreciation
5321-00,Depr - Tractor.2,Total Fixed Operating Expense,Total Operational Equipment Expense,Tractor Fixed Expense,Tractor Depreciation
4323-00,Depr - Carrier Mass Tractor.1,Total Fixed Operating Expense,Total Operational Equipment Expense,Tractor Fixed Expense,Carrier Mass Depr [Tractor]
5324-00,Depr - Carrier Mass Tractor.2,Total Fixed Operating Expense,Total Operational Equipment Expense,Tractor Fixed Expense,Carrier Mass Depr [Tractor]
5111-00,Mobile Communications,Total Fixed Operating Expense,Total Operational Equipment Expense,Tractor Fixed Expense,Mobile Communications-Tractor
4770-00,Veh Lic & Reg Fees - State,Total Fixed Operating Expense,Total Operational Equipment Expense,Tractor Fixed Expense,Tractor Fixed Expense
5431-00,Trailer Lease Expense,Total Fixed Operating Expense,Total Operational Equipment Expense,Trailer Fixed Expense,Trailer Leasing
5431-01,Trailer Rent - Special Equip,Total Fixed Operating Expense,Total Operational Equipment Expense,Trailer Fixed Expense,Trailer Leasing
5431-02,FV Operating Lease Exp-Trailer,Total Fixed Operating Expense,Total Operational Equipment Expense,Trailer Fixed Expense,Trailer Leasing
5432-00,Trailer Rent - Swift Leasing,Total Fixed Operating Expense,Total Operational Equipment Expense,Trailer Fixed Expense,Trailer Leasing
5433-00,Trailer Rent - Other,Total Fixed Operating Expense,Total Operational Equipment Expense,Trailer Fixed Expense,Trailer Leasing
5451-00,Reposition Empty Trailer,Total Fixed Operating Expense,Total Operational Equipment Expense,Trailer Fixed Expense,Trailer Leasing
4322-00,Depr - Trailer.1,Total Fixed Operating Expense,Total Operational Equipment Expense,Trailer Fixed Expense,Trailer & Container Depreciation
5322-00,Depr - Trailer.2,Total Fixed Operating Expense,Total Operational Equipment Expense,Trailer Fixed Expense,Trailer & Container Depreciation
5322-01,Depr - Special Equip,Total Fixed Operating Expense,Total Operational Equipment Expense,Trailer Fixed Expense,Trailer & Container Depreciation
5325-00,Depr - Container,Total Fixed Operating Expense,Total Operational Equipment Expense,Trailer Fixed Expense,Trailer & Container Depreciation
5323-00,Depr - Carrier Mass Trailer,Total Fixed Operating Expense,Total Operational Equipment Expense,Trailer Fixed Expense,Carrier Mass Depr [Trailer]
5111-01,Mobile Communications Trailer,Total Fixed Operating Expense,Total Operational Equipment Expense,Trailer Fixed Expense,Mobile Communications-Trailer
5111-02,Mobile Communications Flatbed,Total Fixed Operating Expense,Total Operational Equipment Expense,Trailer Fixed Expense,Mobile Communications-Trailer
5111-03,Mobile Communication Container,Total Fixed Operating Expense,Total Operational Equipment Expense,Trailer Fixed Expense,Mobile Communications-Trailer
4507-00,Chassis Rental,Total Fixed Operating Expense,Total Operational Equipment Expense,Chassis Fixed Expense,Chassis Fixed Expense
4507-01,Chassis Migrations,Total Fixed Operating Expense,Total Operational Equipment Expense,Chassis Fixed Expense,Chassis Fixed Expense
4508-00,Container Storage.3,Total Fixed Operating Expense,Total Operational Equipment Expense,Chassis Fixed Expense,Chassis Fixed Expense
4576-00,Container Per Diem,Total Fixed Operating Expense,Total Operational Equipment Expense,Chassis Fixed Expense,Chassis Fixed Expense
5500-00,Bldg & Office Equip Rent,Total Fixed Operating Expense,Total Facilities Expense,Building and Other Rent & Depr Expense,Building Operating Rents
5500-60,Font V Blvd-Bldg & Office Equip Rent,Total Fixed Operating Expense,Total Facilities Expense,Building and Other Rent & Depr Expense,Building Operating Rents
5510-00,Building Operating Rent,Total Fixed Operating Expense,Total Facilities Expense,Building and Other Rent & Depr Expense,Building Operating Rents
5510-60,Font V Blvd-Building Operating Rent,Total Fixed Operating Expense,Total Facilities Expense,Building and Other Rent & Depr Expense,Building Operating Rents
5520-00,Office Equipment Rents,Total Fixed Operating Expense,Total Facilities Expense,Building and Other Rent & Depr Expense,Building Operating Rents
5520-01,NTTS Leased Facilities Expense,Total Fixed Operating Expense,Total Facilities Expense,Building and Other Rent & Depr Expense,Building Operating Rents
5410-00,Vehicle Rents with Drivers,Total Fixed Operating Expense,Total Facilities Expense,Building and Other Rent & Depr Expense,Other Rent
5510-01,Drop Yard Rents,Total Fixed Operating Expense,Total Facilities Expense,Building and Other Rent & Depr Expense,Other Rent
5510-02,NTTS Leased Equipment Expense,Total Fixed Operating Expense,Total Facilities Expense,Building and Other Rent & Depr Expense,Other Rent
5310-00,Depr - Bldg & Structure,Total Fixed Operating Expense,Total Facilities Expense,Building and Other Rent & Depr Expense,Facilities Depreciation
5310-60,Font V Blvd-Depr Bldg&Structure,Total Fixed Operating Expense,Total Facilities Expense,Building and Other Rent & Depr Expense,Facilities Depreciation
5330-00,Depr - Svc Car & Equip,Total Fixed Operating Expense,Total Facilities Expense,Building and Other Rent & Depr Expense,Facilities Depreciation
5340-00,Depr - Shop & Garage Equip,Total Fixed Operating Expense,Total Facilities Expense,Building and Other Rent & Depr Expense,Facilities Depreciation
5350-00,"Depr - Furn, Fix, & Equip",Total Fixed Operating Expense,Total Facilities Expense,Building and Other Rent & Depr Expense,Facilities Depreciation
5360-00,Depr - Misc Equip,Total Fixed Operating Expense,Total Facilities Expense,Building and Other Rent & Depr Expense,Facilities Depreciation
5370-00,Depr - L/H Improvements,Total Fixed Operating Expense,Total Facilities Expense,Building and Other Rent & Depr Expense,Facilities Depreciation
4621-01,Non Recurring Building Maint,Total Fixed Operating Expense,Total Facilities Expense,Other Operating & Supplies (Facilities),Other Operating & Supplies (Facilities)
4621-00,Bldg & Facility Maintenance.1,Total Fixed Operating Expense,Total Facilities Expense,Other Operating & Supplies (Facilities),Other Operating & Supplies (Facilities)
4621-60,Font V Blvd-Bldg&Facility Maintenance,Total Fixed Operating Expense,Total Facilities Expense,Other Operating & Supplies (Facilities),Other Operating & Supplies (Facilities)
5531-00,Bldg & Facility Maintenance.2,Total Fixed Operating Expense,Total Facilities Expense,Other Operating & Supplies (Facilities),Other Operating & Supplies (Facilities)
5100-00,Communication & Utilities,Total Fixed Operating Expense,Total Facilities Expense,Utilities,Utilities
5110-00,Communication Expense,Total Fixed Operating Expense,Total Facilities Expense,Utilities,Utilities
5110-01,Local Phone Services,Total Fixed Operating Expense,Total Facilities Expense,Utilities,Utilities
5110-02,Long Distance Phone Services,Total Fixed Operating Expense,Total Facilities Expense,Utilities,Utilities
5110-03,Cellular/Paging Services,Total Fixed Operating Expense,Total Facilities Expense,Utilities,Utilities
5110-04,Data Communications.1,Total Fixed Operating Expense,Total Facilities Expense,Utilities,Utilities
5110-61,Font V Blvd-Local Phone Services,Total Fixed Operating Expense,Total Facilities Expense,Utilities,Utilities
5110-64,Font V Blvd-Data Comms.1,Total Fixed Operating Expense,Total Facilities Expense,Utilities,Utilities
5112-00,Data Communications.2,Total Fixed Operating Expense,Total Facilities Expense,Utilities,Utilities
5120-00,Cable/Satellite & Other,Total Fixed Operating Expense,Total Facilities Expense,Utilities,Utilities
5120-01,Electricity Services,Total Fixed Operating Expense,Total Facilities Expense,Utilities,Utilities
5120-02,Trash Services,Total Fixed Operating Expense,Total Facilities Expense,Utilities,Utilities
5120-03,Water/Sewer Services,Total Fixed Operating Expense,Total Facilities Expense,Utilities,Utilities
5120-04,Gas Services,Total Fixed Operating Expense,Total Facilities Expense,Utilities,Utilities
5120-60,Font V Blvd-Cable/Satellite&Other,Total Fixed Operating Expense,Total Facilities Expense,Utilities,Utilities
5120-61,Font V Blvd-Electricity,Total Fixed Operating Expense,Total Facilities Expense,Utilities,Utilities
5120-62,Font V Blvd-Trash Services,Total Fixed Operating Expense,Total Facilities Expense,Utilities,Utilities
5120-63,Font V Blvd-Water/Sewer,Total Fixed Operating Expense,Total Facilities Expense,Utilities,Utilities
5120-64,Font V Blvd-Gas Service,Total Fixed Operating Expense,Total Facilities Expense,Utilities,Utilities
4613-00,Union Fees - Mexico,Total Fixed Operating Expense,Total Facilities Expense,Other Taxes (Facilities & Other Ops),Other Taxes (Facilities & Other Ops)
4700-00,Operating Taxes & Licenses-,Total Fixed Operating Expense,Total Facilities Expense,Other Taxes (Facilities & Other Ops),Other Taxes (Facilities & Other Ops)
4740-00,Other Operating Tax & License,Total Fixed Operating Expense,Total Facilities Expense,Other Taxes (Facilities & Other Ops),Other Taxes (Facilities & Other Ops)
4750-00,Property Taxes,Total Fixed Operating Expense,Total Facilities Expense,Other Taxes (Facilities & Other Ops),Other Taxes (Facilities & Other Ops)
4750-60,Property Taxes-Fontana,Total Fixed Operating Expense,Total Facilities Expense,Other Taxes (Facilities & Other Ops),Other Taxes (Facilities & Other Ops)
4790-00,Other Taxes - State & Other,Total Fixed Operating Expense,Total Facilities Expense,Other Taxes (Facilities & Other Ops),Other Taxes (Facilities & Other Ops)
4792-00,Business Licenses & Taxes,Total Fixed Operating Expense,Total Facilities Expense,Other Taxes (Facilities & Other Ops),Other Taxes (Facilities & Other Ops)
4999-06,Costco RFR Spotting Alloc,Total Other Expense:,Operational & Corporate Overhead:,Operational Corporate Allocations:,Operational Corporate Allocations:
4999-07,Logistics Corp Alloc,Total Other Expense:,Operational & Corporate Overhead:,Operational Corporate Allocations:,Operational Corporate Allocations:
4999-19,Swift Express Corp Alloc,Total Other Expense:,Operational & Corporate Overhead:,Operational Corporate Allocations:,Operational Corporate Allocations:
5995-00,Owner Operator Corp Alloc,Total Other Expense:,Operational & Corporate Overhead:,Operational Corporate Allocations:,Operational Corporate Allocations:
5996-00,Flatbed Corp Alloc,Total Other Expense:,Operational & Corporate Overhead:,Operational Corporate Allocations:,Operational Corporate Allocations:
5997-00,Grocery Corp Alloc,Total Other Expense:,Operational & Corporate Overhead:,Operational Corporate Allocations:,Operational Corporate Allocations:
5998-00,Dedicated Corp Alloc,Total Other Expense:,Operational & Corporate Overhead:,Operational Corporate Allocations:,Operational Corporate Allocations:
4997-00,Equip Capital Cost Alloc,Total Other Expense:,Operational & Corporate Overhead:,Corporate Allocations-Other:,Corporate Allocations-Other:
4998-00,Capital Cost Allocation,Total Other Expense:,Operational & Corporate Overhead:,Corporate Allocations-Other:,Corporate Allocations-Other:
4999-00,Corp Allocation,Total Other Expense:,Operational & Corporate Overhead:,Corporate Allocations-Other:,Corporate Allocations-Other:
4999-01,Terminal G&A Allocation,Total Other Expense:,Operational & Corporate Overhead:,Corporate Allocations-Other:,Corporate Allocations-Other:
4999-02,Unmanned Trucks Corp Alloc,Total Other Expense:,Operational & Corporate Overhead:,Corporate Allocations-Other:,Corporate Allocations-Other:
4999-03,Trailer Mgmt Corp Allocation,Total Other Expense:,Operational & Corporate Overhead:,Corporate Allocations-Other:,Corporate Allocations-Other:
4999-99,Overhead AOP,Total Other Expense:,Operational & Corporate Overhead:,Corporate Allocations-Other:,Corporate Allocations-Other:
5950-00,Uncollectible Revenue,Total Other Expense:,Operational & Corporate Overhead:,Corporate Allocations-Other:,Corporate Allocations-Other:
5986-00,Swift Refrigerated Corp Allocation,Total Other Expense:,Operational & Corporate Overhead:,Corporate Allocations-Other:,Corporate Allocations-Other:
5991-00,Plan & Cust Svc Alloc,Total Other Expense:,Operational & Corporate Overhead:,Corporate Allocations-Other:,Corporate Allocations-Other:
5991-01,Corp Ops & Canadian,Total Other Expense:,Operational & Corporate Overhead:,Corporate Allocations-Other:,Corporate Allocations-Other:
5992-00,Facilities Alloc,Total Other Expense:,Operational & Corporate Overhead:,Corporate Allocations-Other:,Corporate Allocations-Other:
5994-00,Freight Services Alloc,Total Other Expense:,Operational & Corporate Overhead:,Corporate Allocations-Other:,Corporate Allocations-Other:
5999-00,Shop Corp Allocation,Total Other Expense:,Operational & Corporate Overhead:,Corporate Allocations-Other:,Corporate Allocations-Other:
5390-00,Amortization-,Total Other Expense:,Amortization of Intangibles:,Amortization of Intangibles:,Amortization of Intangibles:
5390-01,Amortization  of Intangibles,Total Other Expense:,Amortization of Intangibles:,Amortization of Intangibles:,Amortization of Intangibles:
5399-00,Impairment-,Total Other Expense:,Impairments:,Impairments:,Impairments:
4710-00,Gain/Loss on Sale of Rev Equip.1,Total Other Expense:,Gain on Disposal of Property and Equipment:,Gain on Disposal of Property and Equipment:,Gain on Disposal of Property and Equipment:
4710-01,Gain/Loss on Sale of AHFS.1,Total Other Expense:,Gain on Disposal of Property and Equipment:,Gain on Disposal of Property and Equipment:,Gain on Disposal of Property and Equipment:
4720-00,Gain/loss-Sale of NonRev Equip.1,Total Other Expense:,Gain on Disposal of Property and Equipment:,Gain on Disposal of Property and Equipment:,Gain on Disposal of Property and Equipment:
5710-00,Gain/Loss on Sale of Rev Equip.2,Total Other Expense:,Gain on Disposal of Property and Equipment:,Gain on Disposal of Property and Equipment:,Gain on Disposal of Property and Equipment:
5710-01,Gain/Loss on Sale of AHFS.2,Total Other Expense:,Gain on Disposal of Property and Equipment:,Gain on Disposal of Property and Equipment:,Gain on Disposal of Property and Equipment:
5710-02,Gain/Loss on TRKSale of AHFS,Total Other Expense:,Gain on Disposal of Property and Equipment:,Gain on Disposal of Property and Equipment:,Gain on Disposal of Property and Equipment:
5710-03,Equipment Sales Broker Fee,Total Other Expense:,Gain on Disposal of Property and Equipment:,Gain on Disposal of Property and Equipment:,Gain on Disposal of Property and Equipment:
5720-00,Gain/loss-Sale of NonRev Equip.2,Total Other Expense:,Gain on Disposal of Property and Equipment:,Gain on Disposal of Property and Equipment:,Gain on Disposal of Property and Equipment:
5720-01,Gain/loss-Sale of NonRev AHFS,Total Other Expense:,Gain on Disposal of Property and Equipment:,Gain on Disposal of Property and Equipment:,Gain on Disposal of Property and Equipment:
5987-00,Equipment Maintenance Allocation,Total Other Expense:,Gain on Disposal of Property and Equipment:,Gain on Disposal of Property and Equipment:,Gain on Disposal of Property and Equipment:
